date,type,nom_gare,comptage_normalis√©
2021-01-01,,Paris Gare de Lyon,0.04
2021-01-02,,Paris Gare de Lyon,0.04
2021-01-02,,Paris Gare de Lyon,0.04
2021-01-02,,Paris Gare de Lyon,0.04
2021-01-03,,Paris Gare de Lyon,0.04
2021-01-03,,Paris Gare de Lyon,0.04
2021-01-04,,Paris Gare de Lyon,0.04
2021-01-04,,Paris Gare de Lyon,0.04
2021-01-05,,Paris Gare de Lyon,0.04
2021-01-05,,Paris Gare de Lyon,0.04
2021-01-05,,Paris Gare de Lyon,0.04
2021-01-05,,Paris Gare de Lyon,0.04
2021-01-05,,Paris Gare de Lyon,0.04
2021-01-05,,Paris Gare de Lyon,0.04
2021-01-05,,Paris Gare de Lyon,0.04
2021-01-06,,Paris Gare de Lyon,0.04
2021-01-06,,Paris Gare de Lyon,0.04
2021-01-06,,Paris Gare de Lyon,0.04
2021-01-06,,Paris Gare de Lyon,0.04
2021-01-07,,Paris Gare de Lyon,0.04
2021-01-07,,Paris Gare de Lyon,0.04
2021-01-07,,Paris Gare de Lyon,0.04
2021-01-07,,Paris Gare de Lyon,0.04
2021-01-07,,Paris Gare de Lyon,0.04
2021-01-07,,Paris Gare de Lyon,0.04
2021-01-07,,Paris Gare de Lyon,0.04
2021-01-07,,Paris Gare de Lyon,0.04
2021-01-08,,Paris Gare de Lyon,0.04
2021-01-08,,Paris Gare de Lyon,0.04
2021-01-08,,Paris Gare de Lyon,0.04
2021-01-08,,Paris Gare de Lyon,0.04
2021-01-08,,Paris Gare de Lyon,0.04
2021-01-09,,Paris Gare de Lyon,0.04
2021-01-09,,Paris Gare de Lyon,0.04
2021-01-09,,Paris Gare de Lyon,0.04
2021-01-09,,Paris Gare de Lyon,0.04
2021-01-09,,Paris Gare de Lyon,0.04
2021-01-10,,Paris Gare de Lyon,0.04
2021-01-10,,Paris Gare de Lyon,0.04
2021-01-10,,Paris Gare de Lyon,0.04
2021-01-11,,Paris Gare de Lyon,0.04
2021-01-11,,Paris Gare de Lyon,0.04
2021-01-11,,Paris Gare de Lyon,0.04
2021-01-12,,Paris Gare de Lyon,0.04
2021-01-12,,Paris Gare de Lyon,0.04
2021-01-12,,Paris Gare de Lyon,0.04
2021-01-12,,Paris Gare de Lyon,0.04
2021-01-13,,Paris Gare de Lyon,0.04
2021-01-13,,Paris Gare de Lyon,0.04
2021-01-13,,Paris Gare de Lyon,0.04
2021-01-13,,Paris Gare de Lyon,0.04
2021-01-13,,Paris Gare de Lyon,0.04
2021-01-13,,Paris Gare de Lyon,0.04
2021-01-13,,Paris Gare de Lyon,0.04
2021-01-13,,Paris Gare de Lyon,0.04
2021-01-14,,Paris Gare de Lyon,0.04
2021-01-14,,Paris Gare de Lyon,0.04
2021-01-14,,Paris Gare de Lyon,0.04
2021-01-15,,Paris Gare de Lyon,0.04
2021-01-15,,Paris Gare de Lyon,0.04
2021-01-15,,Paris Gare de Lyon,0.04
2021-01-15,,Paris Gare de Lyon,0.04
2021-01-16,,Paris Gare de Lyon,0.04
2021-01-16,,Paris Gare de Lyon,0.04
2021-01-17,,Paris Gare de Lyon,0.04
2021-01-17,,Paris Gare de Lyon,0.04
2021-01-18,,Paris Gare de Lyon,0.04
2021-01-18,,Paris Gare de Lyon,0.04
2021-01-18,,Paris Gare de Lyon,0.04
2021-01-18,,Paris Gare de Lyon,0.04
2021-01-19,,Paris Gare de Lyon,0.04
2021-01-19,,Paris Gare de Lyon,0.04
2021-01-19,,Paris Gare de Lyon,0.04
2021-01-19,,Paris Gare de Lyon,0.04
2021-01-19,,Paris Gare de Lyon,0.04
2021-01-20,,Paris Gare de Lyon,0.04
2021-01-20,,Paris Gare de Lyon,0.04
2021-01-20,,Paris Gare de Lyon,0.04
2021-01-20,,Paris Gare de Lyon,0.04
2021-01-20,,Paris Gare de Lyon,0.04
2021-01-20,,Paris Gare de Lyon,0.04
2021-01-20,,Paris Gare de Lyon,0.04
2021-01-21,,Paris Gare de Lyon,0.04
2021-01-21,,Paris Gare de Lyon,0.04
2021-01-21,,Paris Gare de Lyon,0.04
2021-01-21,,Paris Gare de Lyon,0.04
2021-01-21,,Paris Gare de Lyon,0.04
2021-01-21,,Paris Gare de Lyon,0.04
2021-01-21,,Paris Gare de Lyon,0.04
2021-01-21,,Paris Gare de Lyon,0.04
2021-01-22,,Paris Gare de Lyon,0.04
2021-01-22,,Paris Gare de Lyon,0.04
2021-01-22,,Paris Gare de Lyon,0.04
2021-01-22,,Paris Gare de Lyon,0.04
2021-01-22,,Paris Gare de Lyon,0.04
2021-01-23,,Paris Gare de Lyon,0.04
2021-01-23,,Paris Gare de Lyon,0.04
2021-01-23,,Paris Gare de Lyon,0.04
2021-01-23,,Paris Gare de Lyon,0.04
2021-01-23,,Paris Gare de Lyon,0.04
2021-01-24,,Paris Gare de Lyon,0.04
2021-01-24,,Paris Gare de Lyon,0.04
2021-01-24,,Paris Gare de Lyon,0.04
2021-01-24,,Paris Gare de Lyon,0.04
2021-01-24,,Paris Gare de Lyon,0.04
2021-01-24,,Paris Gare de Lyon,0.04
2021-01-25,,Paris Gare de Lyon,0.04
2021-01-25,,Paris Gare de Lyon,0.04
2021-01-26,,Paris Gare de Lyon,0.04
2021-01-26,,Paris Gare de Lyon,0.04
2021-01-26,,Paris Gare de Lyon,0.04
2021-01-26,,Paris Gare de Lyon,0.04
2021-01-26,,Paris Gare de Lyon,0.04
2021-01-27,,Paris Gare de Lyon,0.04
2021-01-27,,Paris Gare de Lyon,0.04
2021-01-27,,Paris Gare de Lyon,0.04
2021-01-27,,Paris Gare de Lyon,0.04
2021-01-27,,Paris Gare de Lyon,0.04
2021-01-28,,Paris Gare de Lyon,0.04
2021-01-28,,Paris Gare de Lyon,0.04
2021-01-28,,Paris Gare de Lyon,0.04
2021-01-28,,Paris Gare de Lyon,0.04
2021-01-29,,Paris Gare de Lyon,0.04
2021-01-29,,Paris Gare de Lyon,0.04
2021-01-29,,Paris Gare de Lyon,0.04
2021-01-30,,Paris Gare de Lyon,0.04
2021-01-31,,Paris Gare de Lyon,0.04
2021-01-31,,Paris Gare de Lyon,0.04
2021-01-31,,Paris Gare de Lyon,0.04
2021-01-31,,Paris Gare de Lyon,0.04
2021-01-31,,Paris Gare de Lyon,0.04
2021-02-01,,Paris Gare de Lyon,0.04
2021-02-01,,Paris Gare de Lyon,0.04
2021-02-01,,Paris Gare de Lyon,0.04
2021-02-01,,Paris Gare de Lyon,0.04
2021-02-01,,Paris Gare de Lyon,0.04
2021-02-01,,Paris Gare de Lyon,0.04
2021-02-02,,Paris Gare de Lyon,0.04
2021-02-02,,Paris Gare de Lyon,0.04
2021-02-02,,Paris Gare de Lyon,0.04
2021-02-03,,Paris Gare de Lyon,0.04
2021-02-03,,Paris Gare de Lyon,0.04
2021-02-03,,Paris Gare de Lyon,0.04
2021-02-03,,Paris Gare de Lyon,0.04
2021-02-04,,Paris Gare de Lyon,0.04
2021-02-04,,Paris Gare de Lyon,0.04
2021-02-04,,Paris Gare de Lyon,0.04
2021-02-04,,Paris Gare de Lyon,0.04
2021-02-05,,Paris Gare de Lyon,0.04
2021-02-05,,Paris Gare de Lyon,0.04
2021-02-05,,Paris Gare de Lyon,0.04
2021-02-05,,Paris Gare de Lyon,0.04
2021-02-06,,Paris Gare de Lyon,0.04
2021-02-06,,Paris Gare de Lyon,0.04
2021-02-07,,Paris Gare de Lyon,0.04
2021-02-07,,Paris Gare de Lyon,0.04
2021-02-07,,Paris Gare de Lyon,0.04
2021-02-07,,Paris Gare de Lyon,0.04
2021-02-07,,Paris Gare de Lyon,0.04
2021-02-08,,Paris Gare de Lyon,0.04
2021-02-08,,Paris Gare de Lyon,0.04
2021-02-08,,Paris Gare de Lyon,0.04
2021-02-09,,Paris Gare de Lyon,0.04
2021-02-09,,Paris Gare de Lyon,0.04
2021-02-09,,Paris Gare de Lyon,0.04
2021-02-09,,Paris Gare de Lyon,0.04
2021-02-09,,Paris Gare de Lyon,0.04
2021-02-09,,Paris Gare de Lyon,0.04
2021-02-09,,Paris Gare de Lyon,0.04
2021-02-09,,Paris Gare de Lyon,0.04
2021-02-10,,Paris Gare de Lyon,0.04
2021-02-10,,Paris Gare de Lyon,0.04
2021-02-10,,Paris Gare de Lyon,0.04
2021-02-11,,Paris Gare de Lyon,0.04
2021-02-11,,Paris Gare de Lyon,0.04
2021-02-11,,Paris Gare de Lyon,0.04
2021-02-11,,Paris Gare de Lyon,0.04
2021-02-12,,Paris Gare de Lyon,0.04
2021-02-12,,Paris Gare de Lyon,0.04
2021-02-12,,Paris Gare de Lyon,0.04
2021-02-13,,Paris Gare de Lyon,0.04
2021-02-13,,Paris Gare de Lyon,0.04
2021-02-13,,Paris Gare de Lyon,0.04
2021-02-13,,Paris Gare de Lyon,0.04
2021-02-14,,Paris Gare de Lyon,0.04
2021-02-14,,Paris Gare de Lyon,0.04
2021-02-14,,Paris Gare de Lyon,0.04
2021-02-15,,Paris Gare de Lyon,0.04
2021-02-15,,Paris Gare de Lyon,0.04
2021-02-16,,Paris Gare de Lyon,0.04
2021-02-16,,Paris Gare de Lyon,0.04
2021-02-16,,Paris Gare de Lyon,0.04
2021-02-16,,Paris Gare de Lyon,0.04
2021-02-16,,Paris Gare de Lyon,0.04
2021-02-16,,Paris Gare de Lyon,0.04
2021-02-17,,Paris Gare de Lyon,0.04
2021-02-17,,Paris Gare de Lyon,0.04
2021-02-17,,Paris Gare de Lyon,0.04
2021-02-17,,Paris Gare de Lyon,0.04
2021-02-17,,Paris Gare de Lyon,0.04
2021-02-17,,Paris Gare de Lyon,0.04
2021-02-18,,Paris Gare de Lyon,0.04
2021-02-18,,Paris Gare de Lyon,0.04
2021-02-18,,Paris Gare de Lyon,0.04
2021-02-19,,Paris Gare de Lyon,0.04
2021-02-19,,Paris Gare de Lyon,0.04
2021-02-20,,Paris Gare de Lyon,0.04
2021-02-21,,Paris Gare de Lyon,0.04
2021-02-21,,Paris Gare de Lyon,0.04
2021-02-21,,Paris Gare de Lyon,0.04
2021-02-21,,Paris Gare de Lyon,0.04
2021-02-21,,Paris Gare de Lyon,0.04
2021-02-21,,Paris Gare de Lyon,0.04
2021-02-21,,Paris Gare de Lyon,0.04
2021-02-22,,Paris Gare de Lyon,0.04
2021-02-22,,Paris Gare de Lyon,0.04
2021-02-23,,Paris Gare de Lyon,0.04
2021-02-23,,Paris Gare de Lyon,0.04
2021-02-23,,Paris Gare de Lyon,0.04
2021-02-23,,Paris Gare de Lyon,0.04
2021-02-23,,Paris Gare de Lyon,0.04
2021-02-23,,Paris Gare de Lyon,0.04
2021-02-23,,Paris Gare de Lyon,0.04
2021-02-24,,Paris Gare de Lyon,0.04
2021-02-24,,Paris Gare de Lyon,0.04
2021-02-24,,Paris Gare de Lyon,0.04
2021-02-24,,Paris Gare de Lyon,0.04
2021-02-24,,Paris Gare de Lyon,0.04
2021-02-24,,Paris Gare de Lyon,0.04
2021-02-24,,Paris Gare de Lyon,0.04
2021-02-25,,Paris Gare de Lyon,0.04
2021-02-25,,Paris Gare de Lyon,0.04
2021-02-25,,Paris Gare de Lyon,0.04
2021-02-25,,Paris Gare de Lyon,0.04
2021-02-26,,Paris Gare de Lyon,0.04
2021-02-26,,Paris Gare de Lyon,0.04
2021-02-26,,Paris Gare de Lyon,0.04
2021-02-26,,Paris Gare de Lyon,0.04
2021-02-26,,Paris Gare de Lyon,0.04
2021-02-26,,Paris Gare de Lyon,0.04
2021-02-26,,Paris Gare de Lyon,0.04
2021-02-26,,Paris Gare de Lyon,0.04
2021-02-26,,Paris Gare de Lyon,0.04
2021-02-27,,Paris Gare de Lyon,0.04
2021-02-27,,Paris Gare de Lyon,0.04
2021-02-27,,Paris Gare de Lyon,0.04
2021-02-27,,Paris Gare de Lyon,0.04
2021-02-27,,Paris Gare de Lyon,0.04
2021-02-27,,Paris Gare de Lyon,0.04
2021-02-28,,Paris Gare de Lyon,0.04
2021-02-28,,Paris Gare de Lyon,0.04
2021-03-01,,Paris Gare de Lyon,0.04
2021-03-01,,Paris Gare de Lyon,0.04
2021-03-02,,Paris Gare de Lyon,0.04
2021-03-02,,Paris Gare de Lyon,0.04
2021-03-02,,Paris Gare de Lyon,0.04
2021-03-02,,Paris Gare de Lyon,0.04
2021-03-03,,Paris Gare de Lyon,0.04
2021-03-03,,Paris Gare de Lyon,0.04
2021-03-04,,Paris Gare de Lyon,0.04
2021-03-04,,Paris Gare de Lyon,0.04
2021-03-04,,Paris Gare de Lyon,0.04
2021-03-04,,Paris Gare de Lyon,0.04
2021-03-04,,Paris Gare de Lyon,0.04
2021-03-04,,Paris Gare de Lyon,0.04
2021-03-05,,Paris Gare de Lyon,0.04
2021-03-05,,Paris Gare de Lyon,0.04
2021-03-05,,Paris Gare de Lyon,0.04
2021-03-05,,Paris Gare de Lyon,0.04
2021-03-05,,Paris Gare de Lyon,0.04
2021-03-05,,Paris Gare de Lyon,0.04
2021-03-05,,Paris Gare de Lyon,0.04
2021-03-05,,Paris Gare de Lyon,0.04
2021-03-05,,Paris Gare de Lyon,0.04
2021-03-05,,Paris Gare de Lyon,0.04
2021-03-05,,Paris Gare de Lyon,0.04
2021-03-06,,Paris Gare de Lyon,0.04
2021-03-06,,Paris Gare de Lyon,0.04
2021-03-06,,Paris Gare de Lyon,0.04
2021-03-06,,Paris Gare de Lyon,0.04
2021-03-07,,Paris Gare de Lyon,0.04
2021-03-07,,Paris Gare de Lyon,0.04
2021-03-07,,Paris Gare de Lyon,0.04
2021-03-07,,Paris Gare de Lyon,0.04
2021-03-07,,Paris Gare de Lyon,0.04
2021-03-08,,Paris Gare de Lyon,0.04
2021-03-08,,Paris Gare de Lyon,0.04
2021-03-08,,Paris Gare de Lyon,0.04
2021-03-08,,Paris Gare de Lyon,0.04
2021-03-08,,Paris Gare de Lyon,0.04
2021-03-08,,Paris Gare de Lyon,0.04
2021-03-08,,Paris Gare de Lyon,0.04
2021-03-09,,Paris Gare de Lyon,0.04
2021-03-09,,Paris Gare de Lyon,0.04
2021-03-09,,Paris Gare de Lyon,0.04
2021-03-09,,Paris Gare de Lyon,0.04
2021-03-10,,Paris Gare de Lyon,0.04
2021-03-10,,Paris Gare de Lyon,0.04
2021-03-10,,Paris Gare de Lyon,0.04
2021-03-10,,Paris Gare de Lyon,0.04
2021-03-10,,Paris Gare de Lyon,0.04
2021-03-10,,Paris Gare de Lyon,0.04
2021-03-10,,Paris Gare de Lyon,0.04
2021-03-10,,Paris Gare de Lyon,0.04
2021-03-11,,Paris Gare de Lyon,0.04
2021-03-11,,Paris Gare de Lyon,0.04
2021-03-11,,Paris Gare de Lyon,0.04
2021-03-11,,Paris Gare de Lyon,0.04
2021-03-11,,Paris Gare de Lyon,0.04
2021-03-11,,Paris Gare de Lyon,0.04
2021-03-11,,Paris Gare de Lyon,0.04
2021-03-12,,Paris Gare de Lyon,0.04
2021-03-12,,Paris Gare de Lyon,0.04
2021-03-12,,Paris Gare de Lyon,0.04
2021-03-12,,Paris Gare de Lyon,0.04
2021-03-13,,Paris Gare de Lyon,0.04
2021-03-13,,Paris Gare de Lyon,0.04
2021-03-13,,Paris Gare de Lyon,0.04
2021-03-14,,Paris Gare de Lyon,0.04
2021-03-14,,Paris Gare de Lyon,0.04
2021-03-14,,Paris Gare de Lyon,0.04
2021-03-15,,Paris Gare de Lyon,0.04
2021-03-15,,Paris Gare de Lyon,0.04
2021-03-15,,Paris Gare de Lyon,0.04
2021-03-16,,Paris Gare de Lyon,0.04
2021-03-16,,Paris Gare de Lyon,0.04
2021-03-16,,Paris Gare de Lyon,0.04
2021-03-16,,Paris Gare de Lyon,0.04
2021-03-17,,Paris Gare de Lyon,0.04
2021-03-17,,Paris Gare de Lyon,0.04
2021-03-17,,Paris Gare de Lyon,0.04
2021-03-17,,Paris Gare de Lyon,0.04
2021-03-17,,Paris Gare de Lyon,0.04
2021-03-17,,Paris Gare de Lyon,0.04
2021-03-17,,Paris Gare de Lyon,0.04
2021-03-18,,Paris Gare de Lyon,0.04
2021-03-18,,Paris Gare de Lyon,0.04
2021-03-18,,Paris Gare de Lyon,0.04
2021-03-18,,Paris Gare de Lyon,0.04
2021-03-18,,Paris Gare de Lyon,0.04
2021-03-18,,Paris Gare de Lyon,0.04
2021-03-18,,Paris Gare de Lyon,0.04
2021-03-19,,Paris Gare de Lyon,0.04
2021-03-19,,Paris Gare de Lyon,0.04
2021-03-19,,Paris Gare de Lyon,0.04
2021-03-19,,Paris Gare de Lyon,0.04
2021-03-20,,Paris Gare de Lyon,0.04
2021-03-20,,Paris Gare de Lyon,0.04
2021-03-20,,Paris Gare de Lyon,0.04
2021-03-20,,Paris Gare de Lyon,0.04
2021-03-22,,Paris Gare de Lyon,0.04
2021-03-22,,Paris Gare de Lyon,0.04
2021-03-22,,Paris Gare de Lyon,0.04
2021-03-23,,Paris Gare de Lyon,0.04
2021-03-23,,Paris Gare de Lyon,0.04
2021-03-23,,Paris Gare de Lyon,0.04
2021-03-23,,Paris Gare de Lyon,0.04
2021-03-23,,Paris Gare de Lyon,0.04
2021-03-23,,Paris Gare de Lyon,0.04
2021-03-23,,Paris Gare de Lyon,0.04
2021-03-23,,Paris Gare de Lyon,0.04
2021-03-24,,Paris Gare de Lyon,0.04
2021-03-24,,Paris Gare de Lyon,0.04
2021-03-24,,Paris Gare de Lyon,0.04
2021-03-24,,Paris Gare de Lyon,0.04
2021-03-24,,Paris Gare de Lyon,0.04
2021-03-24,,Paris Gare de Lyon,0.04
2021-03-24,,Paris Gare de Lyon,0.04
2021-03-25,,Paris Gare de Lyon,0.04
2021-03-25,,Paris Gare de Lyon,0.04
2021-03-25,,Paris Gare de Lyon,0.04
2021-03-26,,Paris Gare de Lyon,0.04
2021-03-26,,Paris Gare de Lyon,0.04
2021-03-26,,Paris Gare de Lyon,0.04
2021-03-27,,Paris Gare de Lyon,0.04
2021-03-27,,Paris Gare de Lyon,0.04
2021-03-28,,Paris Gare de Lyon,0.04
2021-03-28,,Paris Gare de Lyon,0.04
2021-03-29,,Paris Gare de Lyon,0.04
2021-03-30,,Paris Gare de Lyon,0.04
2021-03-30,,Paris Gare de Lyon,0.04
2021-03-30,,Paris Gare de Lyon,0.04
2021-03-30,,Paris Gare de Lyon,0.04
2021-03-31,,Paris Gare de Lyon,0.04
2021-03-31,,Paris Gare de Lyon,0.04
2021-03-31,,Paris Gare de Lyon,0.04
2021-04-01,,Paris Gare de Lyon,0.04
2021-04-01,,Paris Gare de Lyon,0.04
2021-04-01,,Paris Gare de Lyon,0.04
2021-04-01,,Paris Gare de Lyon,0.04
2021-04-01,,Paris Gare de Lyon,0.04
2021-04-02,,Paris Gare de Lyon,0.04
2021-04-02,,Paris Gare de Lyon,0.04
2021-04-02,,Paris Gare de Lyon,0.04
2021-04-02,,Paris Gare de Lyon,0.04
2021-04-02,,Paris Gare de Lyon,0.04
2021-04-02,,Paris Gare de Lyon,0.04
2021-04-03,,Paris Gare de Lyon,0.04
2021-04-03,,Paris Gare de Lyon,0.04
2021-04-05,,Paris Gare de Lyon,0.04
2021-04-05,,Paris Gare de Lyon,0.04
2021-04-05,,Paris Gare de Lyon,0.04
2021-04-05,,Paris Gare de Lyon,0.04
2021-04-06,,Paris Gare de Lyon,0.04
2021-04-06,,Paris Gare de Lyon,0.04
2021-04-06,,Paris Gare de Lyon,0.04
2021-04-06,,Paris Gare de Lyon,0.04
2021-04-06,,Paris Gare de Lyon,0.04
2021-04-07,,Paris Gare de Lyon,0.04
2021-04-07,,Paris Gare de Lyon,0.04
2021-04-07,,Paris Gare de Lyon,0.04
2021-04-07,,Paris Gare de Lyon,0.04
2021-04-07,,Paris Gare de Lyon,0.04
2021-04-07,,Paris Gare de Lyon,0.04
2021-04-07,,Paris Gare de Lyon,0.04
2021-04-08,,Paris Gare de Lyon,0.04
2021-04-08,,Paris Gare de Lyon,0.04
2021-04-08,,Paris Gare de Lyon,0.04
2021-04-09,,Paris Gare de Lyon,0.04
2021-04-09,,Paris Gare de Lyon,0.04
2021-04-09,,Paris Gare de Lyon,0.04
2021-04-10,,Paris Gare de Lyon,0.04
2021-04-11,,Paris Gare de Lyon,0.04
2021-04-12,,Paris Gare de Lyon,0.04
2021-04-12,,Paris Gare de Lyon,0.04
2021-04-12,,Paris Gare de Lyon,0.04
2021-04-13,,Paris Gare de Lyon,0.04
2021-04-13,,Paris Gare de Lyon,0.04
2021-04-13,,Paris Gare de Lyon,0.04
2021-04-13,,Paris Gare de Lyon,0.04
2021-04-13,,Paris Gare de Lyon,0.04
2021-04-13,,Paris Gare de Lyon,0.04
2021-04-13,,Paris Gare de Lyon,0.04
2021-04-14,,Paris Gare de Lyon,0.04
2021-04-14,,Paris Gare de Lyon,0.04
2021-04-14,,Paris Gare de Lyon,0.04
2021-04-15,,Paris Gare de Lyon,0.04
2021-04-15,,Paris Gare de Lyon,0.04
2021-04-15,,Paris Gare de Lyon,0.04
2021-04-15,,Paris Gare de Lyon,0.04
2021-04-16,,Paris Gare de Lyon,0.04
2021-04-16,,Paris Gare de Lyon,0.04
2021-04-16,,Paris Gare de Lyon,0.04
2021-04-18,,Paris Gare de Lyon,0.04
2021-04-18,,Paris Gare de Lyon,0.04
2021-04-18,,Paris Gare de Lyon,0.04
2021-04-18,,Paris Gare de Lyon,0.04
2021-04-18,,Paris Gare de Lyon,0.04
2021-04-19,,Paris Gare de Lyon,0.04
2021-04-19,,Paris Gare de Lyon,0.04
2021-04-19,,Paris Gare de Lyon,0.04
2021-04-20,,Paris Gare de Lyon,0.04
2021-04-20,,Paris Gare de Lyon,0.04
2021-04-20,,Paris Gare de Lyon,0.04
2021-04-20,,Paris Gare de Lyon,0.04
2021-04-21,,Paris Gare de Lyon,0.04
2021-04-21,,Paris Gare de Lyon,0.04
2021-04-21,,Paris Gare de Lyon,0.04
2021-04-21,,Paris Gare de Lyon,0.04
2021-04-22,,Paris Gare de Lyon,0.04
2021-04-22,,Paris Gare de Lyon,0.04
2021-04-22,,Paris Gare de Lyon,0.04
2021-04-22,,Paris Gare de Lyon,0.04
2021-04-22,,Paris Gare de Lyon,0.04
2021-04-23,,Paris Gare de Lyon,0.04
2021-04-23,,Paris Gare de Lyon,0.04
2021-04-23,,Paris Gare de Lyon,0.04
2021-04-23,,Paris Gare de Lyon,0.04
2021-04-23,,Paris Gare de Lyon,0.04
2021-04-23,,Paris Gare de Lyon,0.04
2021-04-24,,Paris Gare de Lyon,0.04
2021-04-25,,Paris Gare de Lyon,0.04
2021-04-25,,Paris Gare de Lyon,0.04
2021-04-25,,Paris Gare de Lyon,0.04
2021-04-26,,Paris Gare de Lyon,0.04
2021-04-26,,Paris Gare de Lyon,0.04
2021-04-26,,Paris Gare de Lyon,0.04
2021-04-26,,Paris Gare de Lyon,0.04
2021-04-26,,Paris Gare de Lyon,0.04
2021-04-26,,Paris Gare de Lyon,0.04
2021-04-27,,Paris Gare de Lyon,0.04
2021-04-27,,Paris Gare de Lyon,0.04
2021-04-27,,Paris Gare de Lyon,0.04
2021-04-28,,Paris Gare de Lyon,0.04
2021-04-28,,Paris Gare de Lyon,0.04
2021-04-28,,Paris Gare de Lyon,0.04
2021-04-29,,Paris Gare de Lyon,0.04
2021-04-29,,Paris Gare de Lyon,0.04
2021-04-29,,Paris Gare de Lyon,0.04
2021-04-29,,Paris Gare de Lyon,0.04
2021-04-29,,Paris Gare de Lyon,0.04
2021-04-30,,Paris Gare de Lyon,0.04
2021-04-30,,Paris Gare de Lyon,0.04
2021-04-30,,Paris Gare de Lyon,0.04
2021-05-01,,Paris Gare de Lyon,0.04
2021-05-01,,Paris Gare de Lyon,0.04
2021-05-01,,Paris Gare de Lyon,0.04
2021-05-03,,Paris Gare de Lyon,0.04
2021-05-03,,Paris Gare de Lyon,0.04
2021-05-04,,Paris Gare de Lyon,0.04
2021-05-04,,Paris Gare de Lyon,0.04
2021-05-04,,Paris Gare de Lyon,0.04
2021-05-05,,Paris Gare de Lyon,0.04
2021-05-05,,Paris Gare de Lyon,0.04
2021-05-05,,Paris Gare de Lyon,0.04
2021-05-05,,Paris Gare de Lyon,0.04
2021-05-06,,Paris Gare de Lyon,0.04
2021-05-06,,Paris Gare de Lyon,0.04
2021-05-06,,Paris Gare de Lyon,0.04
2021-05-06,,Paris Gare de Lyon,0.04
2021-05-06,,Paris Gare de Lyon,0.04
2021-05-06,,Paris Gare de Lyon,0.04
2021-05-07,,Paris Gare de Lyon,0.04
2021-05-07,,Paris Gare de Lyon,0.04
2021-05-07,,Paris Gare de Lyon,0.04
2021-05-07,,Paris Gare de Lyon,0.04
2021-05-07,,Paris Gare de Lyon,0.04
2021-05-07,,Paris Gare de Lyon,0.04
2021-05-07,,Paris Gare de Lyon,0.04
2021-05-07,,Paris Gare de Lyon,0.04
2021-05-07,,Paris Gare de Lyon,0.04
2021-05-08,,Paris Gare de Lyon,0.04
2021-05-08,,Paris Gare de Lyon,0.04
2021-05-08,,Paris Gare de Lyon,0.04
2021-05-08,,Paris Gare de Lyon,0.04
2021-05-09,,Paris Gare de Lyon,0.04
2021-05-09,,Paris Gare de Lyon,0.04
2021-05-09,,Paris Gare de Lyon,0.04
2021-05-10,,Paris Gare de Lyon,0.04
2021-05-10,,Paris Gare de Lyon,0.04
2021-05-10,,Paris Gare de Lyon,0.04
2021-05-10,,Paris Gare de Lyon,0.04
2021-05-10,,Paris Gare de Lyon,0.04
2021-05-10,,Paris Gare de Lyon,0.04
2021-05-10,,Paris Gare de Lyon,0.04
2021-05-11,,Paris Gare de Lyon,0.04
2021-05-11,,Paris Gare de Lyon,0.04
2021-05-11,,Paris Gare de Lyon,0.04
2021-05-11,,Paris Gare de Lyon,0.04
2021-05-12,,Paris Gare de Lyon,0.04
2021-05-12,,Paris Gare de Lyon,0.04
2021-05-12,,Paris Gare de Lyon,0.04
2021-05-12,,Paris Gare de Lyon,0.04
2021-05-12,,Paris Gare de Lyon,0.04
2021-05-13,,Paris Gare de Lyon,0.04
2021-05-13,,Paris Gare de Lyon,0.04
2021-05-13,,Paris Gare de Lyon,0.04
2021-05-13,,Paris Gare de Lyon,0.04
2021-05-13,,Paris Gare de Lyon,0.04
2021-05-14,,Paris Gare de Lyon,0.04
2021-05-14,,Paris Gare de Lyon,0.04
2021-05-14,,Paris Gare de Lyon,0.04
2021-05-14,,Paris Gare de Lyon,0.04
2021-05-14,,Paris Gare de Lyon,0.04
2021-05-15,,Paris Gare de Lyon,0.04
2021-05-16,,Paris Gare de Lyon,0.04
2021-05-16,,Paris Gare de Lyon,0.04
2021-05-16,,Paris Gare de Lyon,0.04
2021-05-16,,Paris Gare de Lyon,0.04
2021-05-17,,Paris Gare de Lyon,0.04
2021-05-17,,Paris Gare de Lyon,0.04
2021-05-17,,Paris Gare de Lyon,0.04
2021-05-17,,Paris Gare de Lyon,0.04
2021-05-17,,Paris Gare de Lyon,0.04
2021-05-18,,Paris Gare de Lyon,0.04
2021-05-18,,Paris Gare de Lyon,0.04
2021-05-18,,Paris Gare de Lyon,0.04
2021-05-18,,Paris Gare de Lyon,0.04
2021-05-18,,Paris Gare de Lyon,0.04
2021-05-18,,Paris Gare de Lyon,0.04
2021-05-19,,Paris Gare de Lyon,0.04
2021-05-19,,Paris Gare de Lyon,0.04
2021-05-19,,Paris Gare de Lyon,0.04
2021-05-19,,Paris Gare de Lyon,0.04
2021-05-19,,Paris Gare de Lyon,0.04
2021-05-19,,Paris Gare de Lyon,0.04
2021-05-19,,Paris Gare de Lyon,0.04
2021-05-19,,Paris Gare de Lyon,0.04
2021-05-20,,Paris Gare de Lyon,0.04
2021-05-20,,Paris Gare de Lyon,0.04
2021-05-20,,Paris Gare de Lyon,0.04
2021-05-20,,Paris Gare de Lyon,0.04
2021-05-20,,Paris Gare de Lyon,0.04
2021-05-21,,Paris Gare de Lyon,0.04
2021-05-21,,Paris Gare de Lyon,0.04
2021-05-21,,Paris Gare de Lyon,0.04
2021-05-21,,Paris Gare de Lyon,0.04
2021-05-21,,Paris Gare de Lyon,0.04
2021-05-21,,Paris Gare de Lyon,0.04
2021-05-21,,Paris Gare de Lyon,0.04
2021-05-22,,Paris Gare de Lyon,0.04
2021-05-22,,Paris Gare de Lyon,0.04
2021-05-22,,Paris Gare de Lyon,0.04
2021-05-23,,Paris Gare de Lyon,0.04
2021-05-23,,Paris Gare de Lyon,0.04
2021-05-23,,Paris Gare de Lyon,0.04
2021-05-23,,Paris Gare de Lyon,0.04
2021-05-23,,Paris Gare de Lyon,0.04
2021-05-24,,Paris Gare de Lyon,0.04
2021-05-24,,Paris Gare de Lyon,0.04
2021-05-24,,Paris Gare de Lyon,0.04
2021-05-24,,Paris Gare de Lyon,0.04
2021-05-25,,Paris Gare de Lyon,0.04
2021-05-25,,Paris Gare de Lyon,0.04
2021-05-25,,Paris Gare de Lyon,0.04
2021-05-25,,Paris Gare de Lyon,0.04
2021-05-25,,Paris Gare de Lyon,0.04
2021-05-25,,Paris Gare de Lyon,0.04
2021-05-25,,Paris Gare de Lyon,0.04
2021-05-25,,Paris Gare de Lyon,0.04
2021-05-25,,Paris Gare de Lyon,0.04
2021-05-26,,Paris Gare de Lyon,0.04
2021-05-26,,Paris Gare de Lyon,0.04
2021-05-26,,Paris Gare de Lyon,0.04
2021-05-26,,Paris Gare de Lyon,0.04
2021-05-26,,Paris Gare de Lyon,0.04
2021-05-26,,Paris Gare de Lyon,0.04
2021-05-27,,Paris Gare de Lyon,0.04
2021-05-27,,Paris Gare de Lyon,0.04
2021-05-27,,Paris Gare de Lyon,0.04
2021-05-27,,Paris Gare de Lyon,0.04
2021-05-27,,Paris Gare de Lyon,0.04
2021-05-27,,Paris Gare de Lyon,0.04
2021-05-27,,Paris Gare de Lyon,0.04
2021-05-27,,Paris Gare de Lyon,0.04
2021-05-28,,Paris Gare de Lyon,0.04
2021-05-28,,Paris Gare de Lyon,0.04
2021-05-28,,Paris Gare de Lyon,0.04
2021-05-29,,Paris Gare de Lyon,0.04
2021-05-29,,Paris Gare de Lyon,0.04
2021-05-29,,Paris Gare de Lyon,0.04
2021-05-29,,Paris Gare de Lyon,0.04
2021-05-29,,Paris Gare de Lyon,0.04
2021-05-29,,Paris Gare de Lyon,0.04
2021-05-30,,Paris Gare de Lyon,0.04
2021-05-30,,Paris Gare de Lyon,0.04
2021-05-30,,Paris Gare de Lyon,0.04
2021-05-30,,Paris Gare de Lyon,0.04
2021-05-30,,Paris Gare de Lyon,0.04
2021-05-30,,Paris Gare de Lyon,0.04
2021-05-30,,Paris Gare de Lyon,0.04
2021-05-31,,Paris Gare de Lyon,0.04
2021-05-31,,Paris Gare de Lyon,0.04
2021-05-31,,Paris Gare de Lyon,0.04
2021-06-01,,Paris Gare de Lyon,0.04
2021-06-01,,Paris Gare de Lyon,0.04
2021-06-01,,Paris Gare de Lyon,0.04
2021-06-01,,Paris Gare de Lyon,0.04
2021-06-01,,Paris Gare de Lyon,0.04
2021-06-02,,Paris Gare de Lyon,0.04
2021-06-02,,Paris Gare de Lyon,0.04
2021-06-02,,Paris Gare de Lyon,0.04
2021-06-02,,Paris Gare de Lyon,0.04
2021-06-02,,Paris Gare de Lyon,0.04
2021-06-03,,Paris Gare de Lyon,0.04
2021-06-03,,Paris Gare de Lyon,0.04
2021-06-03,,Paris Gare de Lyon,0.04
2021-06-03,,Paris Gare de Lyon,0.04
2021-06-03,,Paris Gare de Lyon,0.04
2021-06-03,,Paris Gare de Lyon,0.04
2021-06-04,,Paris Gare de Lyon,0.04
2021-06-04,,Paris Gare de Lyon,0.04
2021-06-04,,Paris Gare de Lyon,0.04
2021-06-04,,Paris Gare de Lyon,0.04
2021-06-04,,Paris Gare de Lyon,0.04
2021-06-05,,Paris Gare de Lyon,0.04
2021-06-06,,Paris Gare de Lyon,0.04
2021-06-06,,Paris Gare de Lyon,0.04
2021-06-06,,Paris Gare de Lyon,0.04
2021-06-06,,Paris Gare de Lyon,0.04
2021-06-07,,Paris Gare de Lyon,0.04
2021-06-07,,Paris Gare de Lyon,0.04
2021-06-07,,Paris Gare de Lyon,0.04
2021-06-07,,Paris Gare de Lyon,0.04
2021-06-08,,Paris Gare de Lyon,0.04
2021-06-08,,Paris Gare de Lyon,0.04
2021-06-08,,Paris Gare de Lyon,0.04
2021-06-08,,Paris Gare de Lyon,0.04
2021-06-08,,Paris Gare de Lyon,0.04
2021-06-08,,Paris Gare de Lyon,0.04
2021-06-08,,Paris Gare de Lyon,0.04
2021-06-08,,Paris Gare de Lyon,0.04
2021-06-09,,Paris Gare de Lyon,0.04
2021-06-09,,Paris Gare de Lyon,0.04
2021-06-09,,Paris Gare de Lyon,0.04
2021-06-09,,Paris Gare de Lyon,0.04
2021-06-09,,Paris Gare de Lyon,0.04
2021-06-09,,Paris Gare de Lyon,0.04
2021-06-09,,Paris Gare de Lyon,0.04
2021-06-09,,Paris Gare de Lyon,0.04
2021-06-10,,Paris Gare de Lyon,0.04
2021-06-10,,Paris Gare de Lyon,0.04
2021-06-10,,Paris Gare de Lyon,0.04
2021-06-10,,Paris Gare de Lyon,0.04
2021-06-10,,Paris Gare de Lyon,0.04
2021-06-10,,Paris Gare de Lyon,0.04
2021-06-10,,Paris Gare de Lyon,0.04
2021-06-11,,Paris Gare de Lyon,0.04
2021-06-11,,Paris Gare de Lyon,0.04
2021-06-11,,Paris Gare de Lyon,0.04
2021-06-11,,Paris Gare de Lyon,0.04
2021-06-11,,Paris Gare de Lyon,0.04
2021-06-11,,Paris Gare de Lyon,0.04
2021-06-11,,Paris Gare de Lyon,0.04
2021-06-12,,Paris Gare de Lyon,0.04
2021-06-12,,Paris Gare de Lyon,0.04
2021-06-12,,Paris Gare de Lyon,0.04
2021-06-13,,Paris Gare de Lyon,0.04
2021-06-13,,Paris Gare de Lyon,0.04
2021-06-13,,Paris Gare de Lyon,0.04
2021-06-13,,Paris Gare de Lyon,0.04
2021-06-13,,Paris Gare de Lyon,0.04
2021-06-13,,Paris Gare de Lyon,0.04
2021-06-14,,Paris Gare de Lyon,0.04
2021-06-14,,Paris Gare de Lyon,0.04
2021-06-14,,Paris Gare de Lyon,0.04
2021-06-14,,Paris Gare de Lyon,0.04
2021-06-14,,Paris Gare de Lyon,0.04
2021-06-14,,Paris Gare de Lyon,0.04
2021-06-15,,Paris Gare de Lyon,0.04
2021-06-15,,Paris Gare de Lyon,0.04
2021-06-15,,Paris Gare de Lyon,0.04
2021-06-15,,Paris Gare de Lyon,0.04
2021-06-15,,Paris Gare de Lyon,0.04
2021-06-15,,Paris Gare de Lyon,0.04
2021-06-15,,Paris Gare de Lyon,0.04
2021-06-16,,Paris Gare de Lyon,0.04
2021-06-16,,Paris Gare de Lyon,0.04
2021-06-16,,Paris Gare de Lyon,0.04
2021-06-16,,Paris Gare de Lyon,0.04
2021-06-16,,Paris Gare de Lyon,0.04
2021-06-17,,Paris Gare de Lyon,0.04
2021-06-17,,Paris Gare de Lyon,0.04
2021-06-17,,Paris Gare de Lyon,0.04
2021-06-17,,Paris Gare de Lyon,0.04
2021-06-17,,Paris Gare de Lyon,0.04
2021-06-17,,Paris Gare de Lyon,0.04
2021-06-17,,Paris Gare de Lyon,0.04
2021-06-18,,Paris Gare de Lyon,0.04
2021-06-18,,Paris Gare de Lyon,0.04
2021-06-18,,Paris Gare de Lyon,0.04
2021-06-18,,Paris Gare de Lyon,0.04
2021-06-18,,Paris Gare de Lyon,0.04
2021-06-18,,Paris Gare de Lyon,0.04
2021-06-19,,Paris Gare de Lyon,0.04
2021-06-19,,Paris Gare de Lyon,0.04
2021-06-19,,Paris Gare de Lyon,0.04
2021-06-19,,Paris Gare de Lyon,0.04
2021-06-19,,Paris Gare de Lyon,0.04
2021-06-20,,Paris Gare de Lyon,0.04
2021-06-20,,Paris Gare de Lyon,0.04
2021-06-20,,Paris Gare de Lyon,0.04
2021-06-20,,Paris Gare de Lyon,0.04
2021-06-20,,Paris Gare de Lyon,0.04
2021-06-21,,Paris Gare de Lyon,0.04
2021-06-21,,Paris Gare de Lyon,0.04
2021-06-21,,Paris Gare de Lyon,0.04
2021-06-21,,Paris Gare de Lyon,0.04
2021-06-21,,Paris Gare de Lyon,0.04
2021-06-21,,Paris Gare de Lyon,0.04
2021-06-21,,Paris Gare de Lyon,0.04
2021-06-21,,Paris Gare de Lyon,0.04
2021-06-22,,Paris Gare de Lyon,0.04
2021-06-22,,Paris Gare de Lyon,0.04
2021-06-22,,Paris Gare de Lyon,0.04
2021-06-22,,Paris Gare de Lyon,0.04
2021-06-22,,Paris Gare de Lyon,0.04
2021-06-22,,Paris Gare de Lyon,0.04
2021-06-23,,Paris Gare de Lyon,0.04
2021-06-23,,Paris Gare de Lyon,0.04
2021-06-23,,Paris Gare de Lyon,0.04
2021-06-23,,Paris Gare de Lyon,0.04
2021-06-23,,Paris Gare de Lyon,0.04
2021-06-23,,Paris Gare de Lyon,0.04
2021-06-23,,Paris Gare de Lyon,0.04
2021-06-23,,Paris Gare de Lyon,0.04
2021-06-23,,Paris Gare de Lyon,0.04
2021-06-24,,Paris Gare de Lyon,0.04
2021-06-24,,Paris Gare de Lyon,0.04
2021-06-24,,Paris Gare de Lyon,0.04
2021-06-24,,Paris Gare de Lyon,0.04
2021-06-24,,Paris Gare de Lyon,0.04
2021-06-24,,Paris Gare de Lyon,0.04
2021-06-25,,Paris Gare de Lyon,0.04
2021-06-25,,Paris Gare de Lyon,0.04
2021-06-25,,Paris Gare de Lyon,0.04
2021-06-25,,Paris Gare de Lyon,0.04
2021-06-25,,Paris Gare de Lyon,0.04
2021-06-26,,Paris Gare de Lyon,0.04
2021-06-26,,Paris Gare de Lyon,0.04
2021-06-26,,Paris Gare de Lyon,0.04
2021-06-26,,Paris Gare de Lyon,0.04
2021-06-26,,Paris Gare de Lyon,0.04
2021-06-26,,Paris Gare de Lyon,0.04
2021-06-26,,Paris Gare de Lyon,0.04
2021-06-27,,Paris Gare de Lyon,0.04
2021-06-27,,Paris Gare de Lyon,0.04
2021-06-27,,Paris Gare de Lyon,0.04
2021-06-27,,Paris Gare de Lyon,0.04
2021-06-27,,Paris Gare de Lyon,0.04
2021-06-27,,Paris Gare de Lyon,0.04
2021-06-27,,Paris Gare de Lyon,0.04
2021-06-27,,Paris Gare de Lyon,0.04
2021-06-27,,Paris Gare de Lyon,0.04
2021-06-27,,Paris Gare de Lyon,0.04
2021-06-28,,Paris Gare de Lyon,0.04
2021-06-28,,Paris Gare de Lyon,0.04
2021-06-28,,Paris Gare de Lyon,0.04
2021-06-28,,Paris Gare de Lyon,0.04
2021-06-28,,Paris Gare de Lyon,0.04
2021-06-28,,Paris Gare de Lyon,0.04
2021-06-29,,Paris Gare de Lyon,0.04
2021-06-29,,Paris Gare de Lyon,0.04
2021-06-29,,Paris Gare de Lyon,0.04
2021-06-29,,Paris Gare de Lyon,0.04
2021-06-29,,Paris Gare de Lyon,0.04
2021-06-30,,Paris Gare de Lyon,0.04
2021-06-30,,Paris Gare de Lyon,0.04
2021-06-30,,Paris Gare de Lyon,0.04
2021-06-30,,Paris Gare de Lyon,0.04
2021-06-30,,Paris Gare de Lyon,0.04
2021-06-30,,Paris Gare de Lyon,0.04
2021-06-30,,Paris Gare de Lyon,0.04
2021-07-01,,Paris Gare de Lyon,0.04
2021-07-01,,Paris Gare de Lyon,0.04
2021-07-01,,Paris Gare de Lyon,0.04
2021-07-01,,Paris Gare de Lyon,0.04
2021-07-01,,Paris Gare de Lyon,0.04
2021-07-01,,Paris Gare de Lyon,0.04
2021-07-01,,Paris Gare de Lyon,0.04
2021-07-01,,Paris Gare de Lyon,0.04
2021-07-02,,Paris Gare de Lyon,0.04
2021-07-02,,Paris Gare de Lyon,0.04
2021-07-02,,Paris Gare de Lyon,0.04
2021-07-02,,Paris Gare de Lyon,0.04
2021-07-02,,Paris Gare de Lyon,0.04
2021-07-03,,Paris Gare de Lyon,0.04
2021-07-03,,Paris Gare de Lyon,0.04
2021-07-03,,Paris Gare de Lyon,0.04
2021-07-03,,Paris Gare de Lyon,0.04
2021-07-04,,Paris Gare de Lyon,0.04
2021-07-04,,Paris Gare de Lyon,0.04
2021-07-04,,Paris Gare de Lyon,0.04
2021-07-04,,Paris Gare de Lyon,0.04
2021-07-04,,Paris Gare de Lyon,0.04
2021-07-05,,Paris Gare de Lyon,0.04
2021-07-05,,Paris Gare de Lyon,0.04
2021-07-05,,Paris Gare de Lyon,0.04
2021-07-05,,Paris Gare de Lyon,0.04
2021-07-06,,Paris Gare de Lyon,0.04
2021-07-06,,Paris Gare de Lyon,0.04
2021-07-06,,Paris Gare de Lyon,0.04
2021-07-06,,Paris Gare de Lyon,0.04
2021-07-06,,Paris Gare de Lyon,0.04
2021-07-06,,Paris Gare de Lyon,0.04
2021-07-06,,Paris Gare de Lyon,0.04
2021-07-06,,Paris Gare de Lyon,0.04
2021-07-06,,Paris Gare de Lyon,0.04
2021-07-07,,Paris Gare de Lyon,0.04
2021-07-07,,Paris Gare de Lyon,0.04
2021-07-07,,Paris Gare de Lyon,0.04
2021-07-07,,Paris Gare de Lyon,0.04
2021-07-07,,Paris Gare de Lyon,0.04
2021-07-08,,Paris Gare de Lyon,0.04
2021-07-08,,Paris Gare de Lyon,0.04
2021-07-08,,Paris Gare de Lyon,0.04
2021-07-08,,Paris Gare de Lyon,0.04
2021-07-09,,Paris Gare de Lyon,0.04
2021-07-09,,Paris Gare de Lyon,0.04
2021-07-09,,Paris Gare de Lyon,0.04
2021-07-09,,Paris Gare de Lyon,0.04
2021-07-09,,Paris Gare de Lyon,0.04
2021-07-09,,Paris Gare de Lyon,0.04
2021-07-09,,Paris Gare de Lyon,0.04
2021-07-09,,Paris Gare de Lyon,0.04
2021-07-10,,Paris Gare de Lyon,0.04
2021-07-10,,Paris Gare de Lyon,0.04
2021-07-10,,Paris Gare de Lyon,0.04
2021-07-10,,Paris Gare de Lyon,0.04
2021-07-11,,Paris Gare de Lyon,0.04
2021-07-11,,Paris Gare de Lyon,0.04
2021-07-11,,Paris Gare de Lyon,0.04
2021-07-11,,Paris Gare de Lyon,0.04
2021-07-12,,Paris Gare de Lyon,0.04
2021-07-12,,Paris Gare de Lyon,0.04
2021-07-12,,Paris Gare de Lyon,0.04
2021-07-12,,Paris Gare de Lyon,0.04
2021-07-12,,Paris Gare de Lyon,0.04
2021-07-12,,Paris Gare de Lyon,0.04
2021-07-12,,Paris Gare de Lyon,0.04
2021-07-12,,Paris Gare de Lyon,0.04
2021-07-13,,Paris Gare de Lyon,0.04
2021-07-13,,Paris Gare de Lyon,0.04
2021-07-13,,Paris Gare de Lyon,0.04
2021-07-13,,Paris Gare de Lyon,0.04
2021-07-13,,Paris Gare de Lyon,0.04
2021-07-14,,Paris Gare de Lyon,0.04
2021-07-14,,Paris Gare de Lyon,0.04
2021-07-14,,Paris Gare de Lyon,0.04
2021-07-14,,Paris Gare de Lyon,0.04
2021-07-14,,Paris Gare de Lyon,0.04
2021-07-14,,Paris Gare de Lyon,0.04
2021-07-15,,Paris Gare de Lyon,0.04
2021-07-15,,Paris Gare de Lyon,0.04
2021-07-15,,Paris Gare de Lyon,0.04
2021-07-15,,Paris Gare de Lyon,0.04
2021-07-15,,Paris Gare de Lyon,0.04
2021-07-15,,Paris Gare de Lyon,0.04
2021-07-15,,Paris Gare de Lyon,0.04
2021-07-16,,Paris Gare de Lyon,0.04
2021-07-16,,Paris Gare de Lyon,0.04
2021-07-16,,Paris Gare de Lyon,0.04
2021-07-16,,Paris Gare de Lyon,0.04
2021-07-16,,Paris Gare de Lyon,0.04
2021-07-17,,Paris Gare de Lyon,0.04
2021-07-17,,Paris Gare de Lyon,0.04
2021-07-17,,Paris Gare de Lyon,0.04
2021-07-17,,Paris Gare de Lyon,0.04
2021-07-17,,Paris Gare de Lyon,0.04
2021-07-18,,Paris Gare de Lyon,0.04
2021-07-18,,Paris Gare de Lyon,0.04
2021-07-18,,Paris Gare de Lyon,0.04
2021-07-19,,Paris Gare de Lyon,0.04
2021-07-19,,Paris Gare de Lyon,0.04
2021-07-19,,Paris Gare de Lyon,0.04
2021-07-19,,Paris Gare de Lyon,0.04
2021-07-19,,Paris Gare de Lyon,0.04
2021-07-19,,Paris Gare de Lyon,0.04
2021-07-20,,Paris Gare de Lyon,0.04
2021-07-20,,Paris Gare de Lyon,0.04
2021-07-20,,Paris Gare de Lyon,0.04
2021-07-20,,Paris Gare de Lyon,0.04
2021-07-20,,Paris Gare de Lyon,0.04
2021-07-20,,Paris Gare de Lyon,0.04
2021-07-21,,Paris Gare de Lyon,0.04
2021-07-21,,Paris Gare de Lyon,0.04
2021-07-21,,Paris Gare de Lyon,0.04
2021-07-21,,Paris Gare de Lyon,0.04
2021-07-21,,Paris Gare de Lyon,0.04
2021-07-21,,Paris Gare de Lyon,0.04
2021-07-21,,Paris Gare de Lyon,0.04
2021-07-21,,Paris Gare de Lyon,0.04
2021-07-22,,Paris Gare de Lyon,0.04
2021-07-22,,Paris Gare de Lyon,0.04
2021-07-22,,Paris Gare de Lyon,0.04
2021-07-22,,Paris Gare de Lyon,0.04
2021-07-22,,Paris Gare de Lyon,0.04
2021-07-22,,Paris Gare de Lyon,0.04
2021-07-22,,Paris Gare de Lyon,0.04
2021-07-22,,Paris Gare de Lyon,0.04
2021-07-23,,Paris Gare de Lyon,0.04
2021-07-23,,Paris Gare de Lyon,0.04
2021-07-23,,Paris Gare de Lyon,0.04
2021-07-23,,Paris Gare de Lyon,0.04
2021-07-23,,Paris Gare de Lyon,0.04
2021-07-23,,Paris Gare de Lyon,0.04
2021-07-23,,Paris Gare de Lyon,0.04
2021-07-23,,Paris Gare de Lyon,0.04
2021-07-23,,Paris Gare de Lyon,0.04
2021-07-24,,Paris Gare de Lyon,0.04
2021-07-24,,Paris Gare de Lyon,0.04
2021-07-24,,Paris Gare de Lyon,0.04
2021-07-24,,Paris Gare de Lyon,0.04
2021-07-25,,Paris Gare de Lyon,0.04
2021-07-25,,Paris Gare de Lyon,0.04
2021-07-25,,Paris Gare de Lyon,0.04
2021-07-25,,Paris Gare de Lyon,0.04
2021-07-25,,Paris Gare de Lyon,0.04
2021-07-25,,Paris Gare de Lyon,0.04
2021-07-26,,Paris Gare de Lyon,0.04
2021-07-26,,Paris Gare de Lyon,0.04
2021-07-26,,Paris Gare de Lyon,0.04
2021-07-26,,Paris Gare de Lyon,0.04
2021-07-26,,Paris Gare de Lyon,0.04
2021-07-26,,Paris Gare de Lyon,0.04
2021-07-26,,Paris Gare de Lyon,0.04
2021-07-26,,Paris Gare de Lyon,0.04
2021-07-27,,Paris Gare de Lyon,0.04
2021-07-27,,Paris Gare de Lyon,0.04
2021-07-27,,Paris Gare de Lyon,0.04
2021-07-27,,Paris Gare de Lyon,0.04
2021-07-27,,Paris Gare de Lyon,0.04
2021-07-27,,Paris Gare de Lyon,0.04
2021-07-27,,Paris Gare de Lyon,0.04
2021-07-28,,Paris Gare de Lyon,0.04
2021-07-28,,Paris Gare de Lyon,0.04
2021-07-29,,Paris Gare de Lyon,0.04
2021-07-29,,Paris Gare de Lyon,0.04
2021-07-29,,Paris Gare de Lyon,0.04
2021-07-29,,Paris Gare de Lyon,0.04
2021-07-30,,Paris Gare de Lyon,0.04
2021-07-30,,Paris Gare de Lyon,0.04
2021-07-30,,Paris Gare de Lyon,0.04
2021-07-30,,Paris Gare de Lyon,0.04
2021-07-30,,Paris Gare de Lyon,0.04
2021-07-30,,Paris Gare de Lyon,0.04
2021-07-31,,Paris Gare de Lyon,0.04
2021-07-31,,Paris Gare de Lyon,0.04
2021-07-31,,Paris Gare de Lyon,0.04
2021-07-31,,Paris Gare de Lyon,0.04
2021-07-31,,Paris Gare de Lyon,0.04
2021-07-31,,Paris Gare de Lyon,0.04
2021-07-31,,Paris Gare de Lyon,0.04
2021-08-01,,Paris Gare de Lyon,0.04
2021-08-01,,Paris Gare de Lyon,0.04
2021-08-01,,Paris Gare de Lyon,0.04
2021-08-01,,Paris Gare de Lyon,0.04
2021-08-02,,Paris Gare de Lyon,0.04
2021-08-02,,Paris Gare de Lyon,0.04
2021-08-02,,Paris Gare de Lyon,0.04
2021-08-02,,Paris Gare de Lyon,0.04
2021-08-02,,Paris Gare de Lyon,0.04
2021-08-03,,Paris Gare de Lyon,0.04
2021-08-03,,Paris Gare de Lyon,0.04
2021-08-03,,Paris Gare de Lyon,0.04
2021-08-03,,Paris Gare de Lyon,0.04
2021-08-04,,Paris Gare de Lyon,0.04
2021-08-04,,Paris Gare de Lyon,0.04
2021-08-04,,Paris Gare de Lyon,0.04
2021-08-04,,Paris Gare de Lyon,0.04
2021-08-04,,Paris Gare de Lyon,0.04
2021-08-04,,Paris Gare de Lyon,0.04
2021-08-04,,Paris Gare de Lyon,0.04
2021-08-04,,Paris Gare de Lyon,0.04
2021-08-04,,Paris Gare de Lyon,0.04
2021-08-05,,Paris Gare de Lyon,0.04
2021-08-05,,Paris Gare de Lyon,0.04
2021-08-05,,Paris Gare de Lyon,0.04
2021-08-05,,Paris Gare de Lyon,0.04
2021-08-05,,Paris Gare de Lyon,0.04
2021-08-05,,Paris Gare de Lyon,0.04
2021-08-05,,Paris Gare de Lyon,0.04
2021-08-05,,Paris Gare de Lyon,0.04
2021-08-06,,Paris Gare de Lyon,0.04
2021-08-06,,Paris Gare de Lyon,0.04
2021-08-06,,Paris Gare de Lyon,0.04
2021-08-06,,Paris Gare de Lyon,0.04
2021-08-06,,Paris Gare de Lyon,0.04
2021-08-06,,Paris Gare de Lyon,0.04
2021-08-06,,Paris Gare de Lyon,0.04
2021-08-07,,Paris Gare de Lyon,0.04
2021-08-07,,Paris Gare de Lyon,0.04
2021-08-07,,Paris Gare de Lyon,0.04
2021-08-07,,Paris Gare de Lyon,0.04
2021-08-07,,Paris Gare de Lyon,0.04
2021-08-07,,Paris Gare de Lyon,0.04
2021-08-07,,Paris Gare de Lyon,0.04
2021-08-08,,Paris Gare de Lyon,0.04
2021-08-08,,Paris Gare de Lyon,0.04
2021-08-08,,Paris Gare de Lyon,0.04
2021-08-08,,Paris Gare de Lyon,0.04
2021-08-08,,Paris Gare de Lyon,0.04
2021-08-09,,Paris Gare de Lyon,0.04
2021-08-09,,Paris Gare de Lyon,0.04
2021-08-09,,Paris Gare de Lyon,0.04
2021-08-09,,Paris Gare de Lyon,0.04
2021-08-09,,Paris Gare de Lyon,0.04
2021-08-09,,Paris Gare de Lyon,0.04
2021-08-10,,Paris Gare de Lyon,0.04
2021-08-10,,Paris Gare de Lyon,0.04
2021-08-10,,Paris Gare de Lyon,0.04
2021-08-10,,Paris Gare de Lyon,0.04
2021-08-10,,Paris Gare de Lyon,0.04
2021-08-10,,Paris Gare de Lyon,0.04
2021-08-10,,Paris Gare de Lyon,0.04
2021-08-10,,Paris Gare de Lyon,0.04
2021-08-10,,Paris Gare de Lyon,0.04
2021-08-11,,Paris Gare de Lyon,0.04
2021-08-11,,Paris Gare de Lyon,0.04
2021-08-11,,Paris Gare de Lyon,0.04
2021-08-11,,Paris Gare de Lyon,0.04
2021-08-11,,Paris Gare de Lyon,0.04
2021-08-11,,Paris Gare de Lyon,0.04
2021-08-11,,Paris Gare de Lyon,0.04
2021-08-11,,Paris Gare de Lyon,0.04
2021-08-11,,Paris Gare de Lyon,0.04
2021-08-12,,Paris Gare de Lyon,0.04
2021-08-12,,Paris Gare de Lyon,0.04
2021-08-12,,Paris Gare de Lyon,0.04
2021-08-12,,Paris Gare de Lyon,0.04
2021-08-12,,Paris Gare de Lyon,0.04
2021-08-12,,Paris Gare de Lyon,0.04
2021-08-12,,Paris Gare de Lyon,0.04
2021-08-12,,Paris Gare de Lyon,0.04
2021-08-13,,Paris Gare de Lyon,0.04
2021-08-13,,Paris Gare de Lyon,0.04
2021-08-13,,Paris Gare de Lyon,0.04
2021-08-13,,Paris Gare de Lyon,0.04
2021-08-13,,Paris Gare de Lyon,0.04
2021-08-14,,Paris Gare de Lyon,0.04
2021-08-14,,Paris Gare de Lyon,0.04
2021-08-14,,Paris Gare de Lyon,0.04
2021-08-14,,Paris Gare de Lyon,0.04
2021-08-14,,Paris Gare de Lyon,0.04
2021-08-14,,Paris Gare de Lyon,0.04
2021-08-14,,Paris Gare de Lyon,0.04
2021-08-16,,Paris Gare de Lyon,0.04
2021-08-16,,Paris Gare de Lyon,0.04
2021-08-16,,Paris Gare de Lyon,0.04
2021-08-16,,Paris Gare de Lyon,0.04
2021-08-16,,Paris Gare de Lyon,0.04
2021-08-16,,Paris Gare de Lyon,0.04
2021-08-16,,Paris Gare de Lyon,0.04
2021-08-17,,Paris Gare de Lyon,0.04
2021-08-17,,Paris Gare de Lyon,0.04
2021-08-17,,Paris Gare de Lyon,0.04
2021-08-17,,Paris Gare de Lyon,0.04
2021-08-17,,Paris Gare de Lyon,0.04
2021-08-17,,Paris Gare de Lyon,0.04
2021-08-17,,Paris Gare de Lyon,0.04
2021-08-18,,Paris Gare de Lyon,0.04
2021-08-18,,Paris Gare de Lyon,0.04
2021-08-18,,Paris Gare de Lyon,0.04
2021-08-18,,Paris Gare de Lyon,0.04
2021-08-18,,Paris Gare de Lyon,0.04
2021-08-18,,Paris Gare de Lyon,0.04
2021-08-18,,Paris Gare de Lyon,0.04
2021-08-19,,Paris Gare de Lyon,0.04
2021-08-19,,Paris Gare de Lyon,0.04
2021-08-19,,Paris Gare de Lyon,0.04
2021-08-19,,Paris Gare de Lyon,0.04
2021-08-19,,Paris Gare de Lyon,0.04
2021-08-19,,Paris Gare de Lyon,0.04
2021-08-19,,Paris Gare de Lyon,0.04
2021-08-19,,Paris Gare de Lyon,0.04
2021-08-20,,Paris Gare de Lyon,0.04
2021-08-20,,Paris Gare de Lyon,0.04
2021-08-20,,Paris Gare de Lyon,0.04
2021-08-20,,Paris Gare de Lyon,0.04
2021-08-20,,Paris Gare de Lyon,0.04
2021-08-21,,Paris Gare de Lyon,0.04
2021-08-21,,Paris Gare de Lyon,0.04
2021-08-21,,Paris Gare de Lyon,0.04
2021-08-21,,Paris Gare de Lyon,0.04
2021-08-21,,Paris Gare de Lyon,0.04
2021-08-21,,Paris Gare de Lyon,0.04
2021-08-22,,Paris Gare de Lyon,0.04
2021-08-22,,Paris Gare de Lyon,0.04
2021-08-22,,Paris Gare de Lyon,0.04
2021-08-22,,Paris Gare de Lyon,0.04
2021-08-22,,Paris Gare de Lyon,0.04
2021-08-22,,Paris Gare de Lyon,0.04
2021-08-23,,Paris Gare de Lyon,0.04
2021-08-23,,Paris Gare de Lyon,0.04
2021-08-23,,Paris Gare de Lyon,0.04
2021-08-23,,Paris Gare de Lyon,0.04
2021-08-23,,Paris Gare de Lyon,0.04
2021-08-23,,Paris Gare de Lyon,0.04
2021-08-23,,Paris Gare de Lyon,0.04
2021-08-23,,Paris Gare de Lyon,0.04
2021-08-24,,Paris Gare de Lyon,0.04
2021-08-24,,Paris Gare de Lyon,0.04
2021-08-24,,Paris Gare de Lyon,0.04
2021-08-24,,Paris Gare de Lyon,0.04
2021-08-24,,Paris Gare de Lyon,0.04
2021-08-24,,Paris Gare de Lyon,0.04
2021-08-24,,Paris Gare de Lyon,0.04
2021-08-24,,Paris Gare de Lyon,0.04
2021-08-24,,Paris Gare de Lyon,0.04
2021-08-24,,Paris Gare de Lyon,0.04
2021-08-25,,Paris Gare de Lyon,0.04
2021-08-25,,Paris Gare de Lyon,0.04
2021-08-25,,Paris Gare de Lyon,0.04
2021-08-25,,Paris Gare de Lyon,0.04
2021-08-25,,Paris Gare de Lyon,0.04
2021-08-25,,Paris Gare de Lyon,0.04
2021-08-26,,Paris Gare de Lyon,0.04
2021-08-26,,Paris Gare de Lyon,0.04
2021-08-26,,Paris Gare de Lyon,0.04
2021-08-26,,Paris Gare de Lyon,0.04
2021-08-26,,Paris Gare de Lyon,0.04
2021-08-26,,Paris Gare de Lyon,0.04
2021-08-26,,Paris Gare de Lyon,0.04
2021-08-26,,Paris Gare de Lyon,0.04
2021-08-26,,Paris Gare de Lyon,0.04
2021-08-27,,Paris Gare de Lyon,0.04
2021-08-27,,Paris Gare de Lyon,0.04
2021-08-27,,Paris Gare de Lyon,0.04
2021-08-27,,Paris Gare de Lyon,0.04
2021-08-27,,Paris Gare de Lyon,0.04
2021-08-27,,Paris Gare de Lyon,0.04
2021-08-27,,Paris Gare de Lyon,0.04
2021-08-27,,Paris Gare de Lyon,0.04
2021-08-28,,Paris Gare de Lyon,0.04
2021-08-28,,Paris Gare de Lyon,0.04
2021-08-28,,Paris Gare de Lyon,0.04
2021-08-28,,Paris Gare de Lyon,0.04
2021-08-28,,Paris Gare de Lyon,0.04
2021-08-29,,Paris Gare de Lyon,0.04
2021-08-29,,Paris Gare de Lyon,0.04
2021-08-29,,Paris Gare de Lyon,0.04
2021-08-30,,Paris Gare de Lyon,0.04
2021-08-30,,Paris Gare de Lyon,0.04
2021-08-30,,Paris Gare de Lyon,0.04
2021-08-30,,Paris Gare de Lyon,0.04
2021-08-31,,Paris Gare de Lyon,0.04
2021-08-31,,Paris Gare de Lyon,0.04
2021-08-31,,Paris Gare de Lyon,0.04
2021-08-31,,Paris Gare de Lyon,0.04
2021-08-31,,Paris Gare de Lyon,0.04
2021-08-31,,Paris Gare de Lyon,0.04
2021-08-31,,Paris Gare de Lyon,0.04
2021-08-31,,Paris Gare de Lyon,0.04
2021-09-01,,Paris Gare de Lyon,0.04
2021-09-01,,Paris Gare de Lyon,0.04
2021-09-01,,Paris Gare de Lyon,0.04
2021-09-01,,Paris Gare de Lyon,0.04
2021-09-01,,Paris Gare de Lyon,0.04
2021-09-01,,Paris Gare de Lyon,0.04
2021-09-01,,Paris Gare de Lyon,0.04
2021-09-01,,Paris Gare de Lyon,0.04
2021-09-02,,Paris Gare de Lyon,0.04
2021-09-02,,Paris Gare de Lyon,0.04
2021-09-02,,Paris Gare de Lyon,0.04
2021-09-02,,Paris Gare de Lyon,0.04
2021-09-02,,Paris Gare de Lyon,0.04
2021-09-02,,Paris Gare de Lyon,0.04
2021-09-02,,Paris Gare de Lyon,0.04
2021-09-03,,Paris Gare de Lyon,0.04
2021-09-03,,Paris Gare de Lyon,0.04
2021-09-03,,Paris Gare de Lyon,0.04
2021-09-03,,Paris Gare de Lyon,0.04
2021-09-03,,Paris Gare de Lyon,0.04
2021-09-04,,Paris Gare de Lyon,0.04
2021-09-05,,Paris Gare de Lyon,0.04
2021-09-05,,Paris Gare de Lyon,0.04
2021-09-05,,Paris Gare de Lyon,0.04
2021-09-05,,Paris Gare de Lyon,0.04
2021-09-05,,Paris Gare de Lyon,0.04
2021-09-06,,Paris Gare de Lyon,0.04
2021-09-06,,Paris Gare de Lyon,0.04
2021-09-06,,Paris Gare de Lyon,0.04
2021-09-06,,Paris Gare de Lyon,0.04
2021-09-07,,Paris Gare de Lyon,0.04
2021-09-07,,Paris Gare de Lyon,0.04
2021-09-07,,Paris Gare de Lyon,0.04
2021-09-07,,Paris Gare de Lyon,0.04
2021-09-07,,Paris Gare de Lyon,0.04
2021-09-07,,Paris Gare de Lyon,0.04
2021-09-08,,Paris Gare de Lyon,0.04
2021-09-08,,Paris Gare de Lyon,0.04
2021-09-08,,Paris Gare de Lyon,0.04
2021-09-08,,Paris Gare de Lyon,0.04
2021-09-08,,Paris Gare de Lyon,0.04
2021-09-08,,Paris Gare de Lyon,0.04
2021-09-08,,Paris Gare de Lyon,0.04
2021-09-08,,Paris Gare de Lyon,0.04
2021-09-08,,Paris Gare de Lyon,0.04
2021-09-08,,Paris Gare de Lyon,0.04
2021-09-08,,Paris Gare de Lyon,0.04
2021-09-09,,Paris Gare de Lyon,0.04
2021-09-09,,Paris Gare de Lyon,0.04
2021-09-09,,Paris Gare de Lyon,0.04
2021-09-09,,Paris Gare de Lyon,0.04
2021-09-09,,Paris Gare de Lyon,0.04
2021-09-09,,Paris Gare de Lyon,0.04
2021-09-09,,Paris Gare de Lyon,0.04
2021-09-09,,Paris Gare de Lyon,0.04
2021-09-09,,Paris Gare de Lyon,0.04
2021-09-10,,Paris Gare de Lyon,0.04
2021-09-10,,Paris Gare de Lyon,0.04
2021-09-10,,Paris Gare de Lyon,0.04
2021-09-10,,Paris Gare de Lyon,0.04
2021-09-10,,Paris Gare de Lyon,0.04
2021-09-10,,Paris Gare de Lyon,0.04
2021-09-10,,Paris Gare de Lyon,0.04
2021-09-11,,Paris Gare de Lyon,0.04
2021-09-11,,Paris Gare de Lyon,0.04
2021-09-11,,Paris Gare de Lyon,0.04
2021-09-12,,Paris Gare de Lyon,0.04
2021-09-12,,Paris Gare de Lyon,0.04
2021-09-12,,Paris Gare de Lyon,0.04
2021-09-12,,Paris Gare de Lyon,0.04
2021-09-13,,Paris Gare de Lyon,0.04
2021-09-13,,Paris Gare de Lyon,0.04
2021-09-13,,Paris Gare de Lyon,0.04
2021-09-13,,Paris Gare de Lyon,0.04
2021-09-13,,Paris Gare de Lyon,0.04
2021-09-13,,Paris Gare de Lyon,0.04
2021-09-13,,Paris Gare de Lyon,0.04
2021-09-13,,Paris Gare de Lyon,0.04
2021-09-14,,Paris Gare de Lyon,0.04
2021-09-14,,Paris Gare de Lyon,0.04
2021-09-14,,Paris Gare de Lyon,0.04
2021-09-14,,Paris Gare de Lyon,0.04
2021-09-14,,Paris Gare de Lyon,0.04
2021-09-14,,Paris Gare de Lyon,0.04
2021-09-15,,Paris Gare de Lyon,0.04
2021-09-15,,Paris Gare de Lyon,0.04
2021-09-15,,Paris Gare de Lyon,0.04
2021-09-15,,Paris Gare de Lyon,0.04
2021-09-15,,Paris Gare de Lyon,0.04
2021-09-15,,Paris Gare de Lyon,0.04
2021-09-15,,Paris Gare de Lyon,0.04
2021-09-16,,Paris Gare de Lyon,0.04
2021-09-16,,Paris Gare de Lyon,0.04
2021-09-16,,Paris Gare de Lyon,0.04
2021-09-16,,Paris Gare de Lyon,0.04
2021-09-16,,Paris Gare de Lyon,0.04
2021-09-17,,Paris Gare de Lyon,0.04
2021-09-17,,Paris Gare de Lyon,0.04
2021-09-17,,Paris Gare de Lyon,0.04
2021-09-17,,Paris Gare de Lyon,0.04
2021-09-18,,Paris Gare de Lyon,0.04
2021-09-18,,Paris Gare de Lyon,0.04
2021-09-18,,Paris Gare de Lyon,0.04
2021-09-18,,Paris Gare de Lyon,0.04
2021-09-19,,Paris Gare de Lyon,0.04
2021-09-19,,Paris Gare de Lyon,0.04
2021-09-19,,Paris Gare de Lyon,0.04
2021-09-19,,Paris Gare de Lyon,0.04
2021-09-19,,Paris Gare de Lyon,0.04
2021-09-19,,Paris Gare de Lyon,0.04
2021-09-19,,Paris Gare de Lyon,0.04
2021-09-20,,Paris Gare de Lyon,0.04
2021-09-20,,Paris Gare de Lyon,0.04
2021-09-20,,Paris Gare de Lyon,0.04
2021-09-20,,Paris Gare de Lyon,0.04
2021-09-20,,Paris Gare de Lyon,0.04
2021-09-20,,Paris Gare de Lyon,0.04
2021-09-22,,Paris Gare de Lyon,0.04
2021-09-22,,Paris Gare de Lyon,0.04
2021-09-22,,Paris Gare de Lyon,0.04
2021-09-22,,Paris Gare de Lyon,0.04
2021-09-22,,Paris Gare de Lyon,0.04
2021-09-22,,Paris Gare de Lyon,0.04
2021-09-23,,Paris Gare de Lyon,0.04
2021-09-23,,Paris Gare de Lyon,0.04
2021-09-23,,Paris Gare de Lyon,0.04
2021-09-23,,Paris Gare de Lyon,0.04
2021-09-23,,Paris Gare de Lyon,0.04
2021-09-24,,Paris Gare de Lyon,0.04
2021-09-24,,Paris Gare de Lyon,0.04
2021-09-24,,Paris Gare de Lyon,0.04
2021-09-25,,Paris Gare de Lyon,0.04
2021-09-25,,Paris Gare de Lyon,0.04
2021-09-26,,Paris Gare de Lyon,0.04
2021-09-27,,Paris Gare de Lyon,0.04
2021-09-27,,Paris Gare de Lyon,0.04
2021-09-27,,Paris Gare de Lyon,0.04
2021-09-28,,Paris Gare de Lyon,0.04
2021-09-28,,Paris Gare de Lyon,0.04
2021-09-28,,Paris Gare de Lyon,0.04
2021-09-28,,Paris Gare de Lyon,0.04
2021-09-29,,Paris Gare de Lyon,0.04
2021-09-29,,Paris Gare de Lyon,0.04
2021-09-29,,Paris Gare de Lyon,0.04
2021-09-29,,Paris Gare de Lyon,0.04
2021-09-29,,Paris Gare de Lyon,0.04
2021-09-29,,Paris Gare de Lyon,0.04
2021-09-29,,Paris Gare de Lyon,0.04
2021-09-30,,Paris Gare de Lyon,0.04
2021-09-30,,Paris Gare de Lyon,0.04
2021-09-30,,Paris Gare de Lyon,0.04
2021-09-30,,Paris Gare de Lyon,0.04
2021-09-30,,Paris Gare de Lyon,0.04
2021-09-30,,Paris Gare de Lyon,0.04
2021-09-30,,Paris Gare de Lyon,0.04
2021-10-01,,Paris Gare de Lyon,0.04
2021-10-01,,Paris Gare de Lyon,0.04
2021-10-01,,Paris Gare de Lyon,0.04
2021-10-01,,Paris Gare de Lyon,0.04
2021-10-01,,Paris Gare de Lyon,0.04
2021-10-01,,Paris Gare de Lyon,0.04
2021-10-01,,Paris Gare de Lyon,0.04
2021-10-02,,Paris Gare de Lyon,0.04
2021-10-02,,Paris Gare de Lyon,0.04
2021-10-02,,Paris Gare de Lyon,0.04
2021-10-02,,Paris Gare de Lyon,0.04
2021-10-03,,Paris Gare de Lyon,0.04
2021-10-04,,Paris Gare de Lyon,0.04
2021-10-04,,Paris Gare de Lyon,0.04
2021-10-04,,Paris Gare de Lyon,0.04
2021-10-04,,Paris Gare de Lyon,0.04
2021-10-04,,Paris Gare de Lyon,0.04
2021-10-04,,Paris Gare de Lyon,0.04
2021-10-04,,Paris Gare de Lyon,0.04
2021-10-04,,Paris Gare de Lyon,0.04
2021-10-05,,Paris Gare de Lyon,0.04
2021-10-05,,Paris Gare de Lyon,0.04
2021-10-05,,Paris Gare de Lyon,0.04
2021-10-05,,Paris Gare de Lyon,0.04
2021-10-05,,Paris Gare de Lyon,0.04
2021-10-05,,Paris Gare de Lyon,0.04
2021-10-05,,Paris Gare de Lyon,0.04
2021-10-05,,Paris Gare de Lyon,0.04
2021-10-06,,Paris Gare de Lyon,0.04
2021-10-06,,Paris Gare de Lyon,0.04
2021-10-06,,Paris Gare de Lyon,0.04
2021-10-06,,Paris Gare de Lyon,0.04
2021-10-06,,Paris Gare de Lyon,0.04
2021-10-07,,Paris Gare de Lyon,0.04
2021-10-07,,Paris Gare de Lyon,0.04
2021-10-07,,Paris Gare de Lyon,0.04
2021-10-07,,Paris Gare de Lyon,0.04
2021-10-07,,Paris Gare de Lyon,0.04
2021-10-07,,Paris Gare de Lyon,0.04
2021-10-07,,Paris Gare de Lyon,0.04
2021-10-08,,Paris Gare de Lyon,0.04
2021-10-08,,Paris Gare de Lyon,0.04
2021-10-08,,Paris Gare de Lyon,0.04
2021-10-08,,Paris Gare de Lyon,0.04
2021-10-08,,Paris Gare de Lyon,0.04
2021-10-09,,Paris Gare de Lyon,0.04
2021-10-09,,Paris Gare de Lyon,0.04
2021-10-09,,Paris Gare de Lyon,0.04
2021-10-09,,Paris Gare de Lyon,0.04
2021-10-10,,Paris Gare de Lyon,0.04
2021-10-11,,Paris Gare de Lyon,0.04
2021-10-11,,Paris Gare de Lyon,0.04
2021-10-11,,Paris Gare de Lyon,0.04
2021-10-11,,Paris Gare de Lyon,0.04
2021-10-11,,Paris Gare de Lyon,0.04
2021-10-11,,Paris Gare de Lyon,0.04
2021-10-11,,Paris Gare de Lyon,0.04
2021-10-11,,Paris Gare de Lyon,0.04
2021-10-12,,Paris Gare de Lyon,0.04
2021-10-12,,Paris Gare de Lyon,0.04
2021-10-12,,Paris Gare de Lyon,0.04
2021-10-12,,Paris Gare de Lyon,0.04
2021-10-12,,Paris Gare de Lyon,0.04
2021-10-13,,Paris Gare de Lyon,0.04
2021-10-13,,Paris Gare de Lyon,0.04
2021-10-13,,Paris Gare de Lyon,0.04
2021-10-13,,Paris Gare de Lyon,0.04
2021-10-13,,Paris Gare de Lyon,0.04
2021-10-13,,Paris Gare de Lyon,0.04
2021-10-14,,Paris Gare de Lyon,0.04
2021-10-14,,Paris Gare de Lyon,0.04
2021-10-14,,Paris Gare de Lyon,0.04
2021-10-14,,Paris Gare de Lyon,0.04
2021-10-14,,Paris Gare de Lyon,0.04
2021-10-14,,Paris Gare de Lyon,0.04
2021-10-15,,Paris Gare de Lyon,0.04
2021-10-15,,Paris Gare de Lyon,0.04
2021-10-15,,Paris Gare de Lyon,0.04
2021-10-15,,Paris Gare de Lyon,0.04
2021-10-15,,Paris Gare de Lyon,0.04
2021-10-15,,Paris Gare de Lyon,0.04
2021-10-15,,Paris Gare de Lyon,0.04
2021-10-15,,Paris Gare de Lyon,0.04
2021-10-16,,Paris Gare de Lyon,0.04
2021-10-16,,Paris Gare de Lyon,0.04
2021-10-16,,Paris Gare de Lyon,0.04
2021-10-16,,Paris Gare de Lyon,0.04
2021-10-16,,Paris Gare de Lyon,0.04
2021-10-16,,Paris Gare de Lyon,0.04
2021-10-18,,Paris Gare de Lyon,0.04
2021-10-18,,Paris Gare de Lyon,0.04
2021-10-18,,Paris Gare de Lyon,0.04
2021-10-18,,Paris Gare de Lyon,0.04
2021-10-18,,Paris Gare de Lyon,0.04
2021-10-18,,Paris Gare de Lyon,0.04
2021-10-19,,Paris Gare de Lyon,0.04
2021-10-19,,Paris Gare de Lyon,0.04
2021-10-19,,Paris Gare de Lyon,0.04
2021-10-19,,Paris Gare de Lyon,0.04
2021-10-19,,Paris Gare de Lyon,0.04
2021-10-19,,Paris Gare de Lyon,0.04
2021-10-20,,Paris Gare de Lyon,0.04
2021-10-20,,Paris Gare de Lyon,0.04
2021-10-20,,Paris Gare de Lyon,0.04
2021-10-20,,Paris Gare de Lyon,0.04
2021-10-21,,Paris Gare de Lyon,0.04
2021-10-21,,Paris Gare de Lyon,0.04
2021-10-21,,Paris Gare de Lyon,0.04
2021-10-21,,Paris Gare de Lyon,0.04
2021-10-21,,Paris Gare de Lyon,0.04
2021-10-21,,Paris Gare de Lyon,0.04
2021-10-22,,Paris Gare de Lyon,0.04
2021-10-22,,Paris Gare de Lyon,0.04
2021-10-22,,Paris Gare de Lyon,0.04
2021-10-22,,Paris Gare de Lyon,0.04
2021-10-22,,Paris Gare de Lyon,0.04
2021-10-22,,Paris Gare de Lyon,0.04
2021-10-22,,Paris Gare de Lyon,0.04
2021-10-22,,Paris Gare de Lyon,0.04
2021-10-23,,Paris Gare de Lyon,0.04
2021-10-23,,Paris Gare de Lyon,0.04
2021-10-23,,Paris Gare de Lyon,0.04
2021-10-23,,Paris Gare de Lyon,0.04
2021-10-23,,Paris Gare de Lyon,0.04
2021-10-23,,Paris Gare de Lyon,0.04
2021-10-23,,Paris Gare de Lyon,0.04
2021-10-23,,Paris Gare de Lyon,0.04
2021-10-24,,Paris Gare de Lyon,0.04
2021-10-25,,Paris Gare de Lyon,0.04
2021-10-25,,Paris Gare de Lyon,0.04
2021-10-25,,Paris Gare de Lyon,0.04
2021-10-25,,Paris Gare de Lyon,0.04
2021-10-25,,Paris Gare de Lyon,0.04
2021-10-25,,Paris Gare de Lyon,0.04
2021-10-26,,Paris Gare de Lyon,0.04
2021-10-26,,Paris Gare de Lyon,0.04
2021-10-26,,Paris Gare de Lyon,0.04
2021-10-26,,Paris Gare de Lyon,0.04
2021-10-26,,Paris Gare de Lyon,0.04
2021-10-27,,Paris Gare de Lyon,0.04
2021-10-27,,Paris Gare de Lyon,0.04
2021-10-27,,Paris Gare de Lyon,0.04
2021-10-28,,Paris Gare de Lyon,0.04
2021-10-28,,Paris Gare de Lyon,0.04
2021-10-28,,Paris Gare de Lyon,0.04
2021-10-28,,Paris Gare de Lyon,0.04
2021-10-28,,Paris Gare de Lyon,0.04
2021-10-28,,Paris Gare de Lyon,0.04
2021-10-28,,Paris Gare de Lyon,0.04
2021-10-29,,Paris Gare de Lyon,0.04
2021-10-29,,Paris Gare de Lyon,0.04
2021-10-29,,Paris Gare de Lyon,0.04
2021-10-29,,Paris Gare de Lyon,0.04
2021-10-30,,Paris Gare de Lyon,0.04
2021-10-30,,Paris Gare de Lyon,0.04
2021-10-30,,Paris Gare de Lyon,0.04
2021-10-30,,Paris Gare de Lyon,0.04
2021-10-30,,Paris Gare de Lyon,0.04
2021-10-30,,Paris Gare de Lyon,0.04
2021-10-31,,Paris Gare de Lyon,0.04
2021-11-01,,Paris Gare de Lyon,0.04
2021-11-01,,Paris Gare de Lyon,0.04
2021-11-01,,Paris Gare de Lyon,0.04
2021-11-02,,Paris Gare de Lyon,0.04
2021-11-02,,Paris Gare de Lyon,0.04
2021-11-02,,Paris Gare de Lyon,0.04
2021-11-02,,Paris Gare de Lyon,0.04
2021-11-02,,Paris Gare de Lyon,0.04
2021-11-02,,Paris Gare de Lyon,0.04
2021-11-02,,Paris Gare de Lyon,0.04
2021-11-02,,Paris Gare de Lyon,0.04
2021-11-03,,Paris Gare de Lyon,0.04
2021-11-03,,Paris Gare de Lyon,0.04
2021-11-03,,Paris Gare de Lyon,0.04
2021-11-03,,Paris Gare de Lyon,0.04
2021-11-03,,Paris Gare de Lyon,0.04
2021-11-04,,Paris Gare de Lyon,0.04
2021-11-04,,Paris Gare de Lyon,0.04
2021-11-04,,Paris Gare de Lyon,0.04
2021-11-04,,Paris Gare de Lyon,0.04
2021-11-04,,Paris Gare de Lyon,0.04
2021-11-04,,Paris Gare de Lyon,0.04
2021-11-04,,Paris Gare de Lyon,0.04
2021-11-04,,Paris Gare de Lyon,0.04
2021-11-05,,Paris Gare de Lyon,0.04
2021-11-05,,Paris Gare de Lyon,0.04
2021-11-05,,Paris Gare de Lyon,0.04
2021-11-05,,Paris Gare de Lyon,0.04
2021-11-05,,Paris Gare de Lyon,0.04
2021-11-06,,Paris Gare de Lyon,0.04
2021-11-06,,Paris Gare de Lyon,0.04
2021-11-06,,Paris Gare de Lyon,0.04
2021-11-06,,Paris Gare de Lyon,0.04
2021-11-06,,Paris Gare de Lyon,0.04
2021-11-07,,Paris Gare de Lyon,0.04
2021-11-07,,Paris Gare de Lyon,0.04
2021-11-07,,Paris Gare de Lyon,0.04
2021-11-07,,Paris Gare de Lyon,0.04
2021-11-07,,Paris Gare de Lyon,0.04
2021-11-08,,Paris Gare de Lyon,0.04
2021-11-08,,Paris Gare de Lyon,0.04
2021-11-08,,Paris Gare de Lyon,0.04
2021-11-08,,Paris Gare de Lyon,0.04
2021-11-08,,Paris Gare de Lyon,0.04
2021-11-09,,Paris Gare de Lyon,0.04
2021-11-09,,Paris Gare de Lyon,0.04
2021-11-09,,Paris Gare de Lyon,0.04
2021-11-09,,Paris Gare de Lyon,0.04
2021-11-09,,Paris Gare de Lyon,0.04
2021-11-09,,Paris Gare de Lyon,0.04
2021-11-09,,Paris Gare de Lyon,0.04
2021-11-10,,Paris Gare de Lyon,0.04
2021-11-10,,Paris Gare de Lyon,0.04
2021-11-10,,Paris Gare de Lyon,0.04
2021-11-10,,Paris Gare de Lyon,0.04
2021-11-10,,Paris Gare de Lyon,0.04
2021-11-11,,Paris Gare de Lyon,0.04
2021-11-11,,Paris Gare de Lyon,0.04
2021-11-11,,Paris Gare de Lyon,0.04
2021-11-12,,Paris Gare de Lyon,0.04
2021-11-12,,Paris Gare de Lyon,0.04
2021-11-12,,Paris Gare de Lyon,0.04
2021-11-12,,Paris Gare de Lyon,0.04
2021-11-12,,Paris Gare de Lyon,0.04
2021-11-12,,Paris Gare de Lyon,0.04
2021-11-12,,Paris Gare de Lyon,0.04
2021-11-12,,Paris Gare de Lyon,0.04
2021-11-12,,Paris Gare de Lyon,0.04
2021-11-13,,Paris Gare de Lyon,0.04
2021-11-13,,Paris Gare de Lyon,0.04
2021-11-13,,Paris Gare de Lyon,0.04
2021-11-13,,Paris Gare de Lyon,0.04
2021-11-13,,Paris Gare de Lyon,0.04
2021-11-14,,Paris Gare de Lyon,0.04
2021-11-14,,Paris Gare de Lyon,0.04
2021-11-14,,Paris Gare de Lyon,0.04
2021-11-14,,Paris Gare de Lyon,0.04
2021-11-14,,Paris Gare de Lyon,0.04
2021-11-15,,Paris Gare de Lyon,0.04
2021-11-15,,Paris Gare de Lyon,0.04
2021-11-15,,Paris Gare de Lyon,0.04
2021-11-15,,Paris Gare de Lyon,0.04
2021-11-15,,Paris Gare de Lyon,0.04
2021-11-16,,Paris Gare de Lyon,0.04
2021-11-16,,Paris Gare de Lyon,0.04
2021-11-16,,Paris Gare de Lyon,0.04
2021-11-16,,Paris Gare de Lyon,0.04
2021-11-16,,Paris Gare de Lyon,0.04
2021-11-17,,Paris Gare de Lyon,0.04
2021-11-17,,Paris Gare de Lyon,0.04
2021-11-17,,Paris Gare de Lyon,0.04
2021-11-18,,Paris Gare de Lyon,0.04
2021-11-18,,Paris Gare de Lyon,0.04
2021-11-18,,Paris Gare de Lyon,0.04
2021-11-18,,Paris Gare de Lyon,0.04
2021-11-19,,Paris Gare de Lyon,0.04
2021-11-19,,Paris Gare de Lyon,0.04
2021-11-19,,Paris Gare de Lyon,0.04
2021-11-19,,Paris Gare de Lyon,0.04
2021-11-19,,Paris Gare de Lyon,0.04
2021-11-19,,Paris Gare de Lyon,0.04
2021-11-20,,Paris Gare de Lyon,0.04
2021-11-20,,Paris Gare de Lyon,0.04
2021-11-20,,Paris Gare de Lyon,0.04
2021-11-20,,Paris Gare de Lyon,0.04
2021-11-21,,Paris Gare de Lyon,0.04
2021-11-21,,Paris Gare de Lyon,0.04
2021-11-21,,Paris Gare de Lyon,0.04
2021-11-21,,Paris Gare de Lyon,0.04
2021-11-22,,Paris Gare de Lyon,0.04
2021-11-22,,Paris Gare de Lyon,0.04
2021-11-22,,Paris Gare de Lyon,0.04
2021-11-22,,Paris Gare de Lyon,0.04
2021-11-23,,Paris Gare de Lyon,0.04
2021-11-23,,Paris Gare de Lyon,0.04
2021-11-23,,Paris Gare de Lyon,0.04
2021-11-23,,Paris Gare de Lyon,0.04
2021-11-24,,Paris Gare de Lyon,0.04
2021-11-24,,Paris Gare de Lyon,0.04
2021-11-24,,Paris Gare de Lyon,0.04
2021-11-24,,Paris Gare de Lyon,0.04
2021-11-24,,Paris Gare de Lyon,0.04
2021-11-24,,Paris Gare de Lyon,0.04
2021-11-25,,Paris Gare de Lyon,0.04
2021-11-25,,Paris Gare de Lyon,0.04
2021-11-25,,Paris Gare de Lyon,0.04
2021-11-25,,Paris Gare de Lyon,0.04
2021-11-25,,Paris Gare de Lyon,0.04
2021-11-26,,Paris Gare de Lyon,0.04
2021-11-26,,Paris Gare de Lyon,0.04
2021-11-26,,Paris Gare de Lyon,0.04
2021-11-27,,Paris Gare de Lyon,0.04
2021-11-27,,Paris Gare de Lyon,0.04
2021-11-27,,Paris Gare de Lyon,0.04
2021-11-27,,Paris Gare de Lyon,0.04
2021-11-27,,Paris Gare de Lyon,0.04
2021-11-27,,Paris Gare de Lyon,0.04
2021-11-28,,Paris Gare de Lyon,0.04
2021-11-28,,Paris Gare de Lyon,0.04
2021-11-28,,Paris Gare de Lyon,0.04
2021-11-28,,Paris Gare de Lyon,0.04
2021-11-29,,Paris Gare de Lyon,0.04
2021-11-29,,Paris Gare de Lyon,0.04
2021-11-29,,Paris Gare de Lyon,0.04
2021-11-29,,Paris Gare de Lyon,0.04
2021-11-29,,Paris Gare de Lyon,0.04
2021-11-29,,Paris Gare de Lyon,0.04
2021-11-29,,Paris Gare de Lyon,0.04
2021-11-29,,Paris Gare de Lyon,0.04
2021-11-30,,Paris Gare de Lyon,0.04
2021-11-30,,Paris Gare de Lyon,0.04
2021-11-30,,Paris Gare de Lyon,0.04
2021-11-30,,Paris Gare de Lyon,0.04
2021-11-30,,Paris Gare de Lyon,0.04
2021-11-30,,Paris Gare de Lyon,0.04
2021-11-30,,Paris Gare de Lyon,0.04
2021-11-30,,Paris Gare de Lyon,0.04
2021-11-30,,Paris Gare de Lyon,0.04
2021-11-30,,Paris Gare de Lyon,0.04
2021-12-01,,Paris Gare de Lyon,0.04
2021-12-01,,Paris Gare de Lyon,0.04
2021-12-01,,Paris Gare de Lyon,0.04
2021-12-01,,Paris Gare de Lyon,0.04
2021-12-01,,Paris Gare de Lyon,0.04
2021-12-01,,Paris Gare de Lyon,0.04
2021-12-02,,Paris Gare de Lyon,0.04
2021-12-02,,Paris Gare de Lyon,0.04
2021-12-02,,Paris Gare de Lyon,0.04
2021-12-02,,Paris Gare de Lyon,0.04
2021-12-02,,Paris Gare de Lyon,0.04
2021-12-02,,Paris Gare de Lyon,0.04
2021-12-02,,Paris Gare de Lyon,0.04
2021-12-03,,Paris Gare de Lyon,0.04
2021-12-03,,Paris Gare de Lyon,0.04
2021-12-03,,Paris Gare de Lyon,0.04
2021-12-03,,Paris Gare de Lyon,0.04
2021-12-03,,Paris Gare de Lyon,0.04
2021-12-03,,Paris Gare de Lyon,0.04
2021-12-04,,Paris Gare de Lyon,0.04
2021-12-04,,Paris Gare de Lyon,0.04
2021-12-04,,Paris Gare de Lyon,0.04
2021-12-04,,Paris Gare de Lyon,0.04
2021-12-04,,Paris Gare de Lyon,0.04
2021-12-04,,Paris Gare de Lyon,0.04
2021-12-05,,Paris Gare de Lyon,0.04
2021-12-05,,Paris Gare de Lyon,0.04
2021-12-05,,Paris Gare de Lyon,0.04
2021-12-05,,Paris Gare de Lyon,0.04
2021-12-05,,Paris Gare de Lyon,0.04
2021-12-05,,Paris Gare de Lyon,0.04
2021-12-06,,Paris Gare de Lyon,0.04
2021-12-06,,Paris Gare de Lyon,0.04
2021-12-06,,Paris Gare de Lyon,0.04
2021-12-06,,Paris Gare de Lyon,0.04
2021-12-06,,Paris Gare de Lyon,0.04
2021-12-06,,Paris Gare de Lyon,0.04
2021-12-06,,Paris Gare de Lyon,0.04
2021-12-07,,Paris Gare de Lyon,0.04
2021-12-07,,Paris Gare de Lyon,0.04
2021-12-08,,Paris Gare de Lyon,0.04
2021-12-08,,Paris Gare de Lyon,0.04
2021-12-08,,Paris Gare de Lyon,0.04
2021-12-08,,Paris Gare de Lyon,0.04
2021-12-08,,Paris Gare de Lyon,0.04
2021-12-08,,Paris Gare de Lyon,0.04
2021-12-08,,Paris Gare de Lyon,0.04
2021-12-09,,Paris Gare de Lyon,0.04
2021-12-09,,Paris Gare de Lyon,0.04
2021-12-09,,Paris Gare de Lyon,0.04
2021-12-09,,Paris Gare de Lyon,0.04
2021-12-09,,Paris Gare de Lyon,0.04
2021-12-09,,Paris Gare de Lyon,0.04
2021-12-09,,Paris Gare de Lyon,0.04
2021-12-10,,Paris Gare de Lyon,0.04
2021-12-10,,Paris Gare de Lyon,0.04
2021-12-10,,Paris Gare de Lyon,0.04
2021-12-10,,Paris Gare de Lyon,0.04
2021-12-10,,Paris Gare de Lyon,0.04
2021-12-10,,Paris Gare de Lyon,0.04
2021-12-11,,Paris Gare de Lyon,0.04
2021-12-11,,Paris Gare de Lyon,0.04
2021-12-11,,Paris Gare de Lyon,0.04
2021-12-11,,Paris Gare de Lyon,0.04
2021-12-11,,Paris Gare de Lyon,0.04
2021-12-11,,Paris Gare de Lyon,0.04
2021-12-11,,Paris Gare de Lyon,0.04
2021-12-12,,Paris Gare de Lyon,0.04
2021-12-12,,Paris Gare de Lyon,0.04
2021-12-12,,Paris Gare de Lyon,0.04
2021-12-12,,Paris Gare de Lyon,0.04
2021-12-12,,Paris Gare de Lyon,0.04
2021-12-12,,Paris Gare de Lyon,0.04
2021-12-13,,Paris Gare de Lyon,0.04
2021-12-13,,Paris Gare de Lyon,0.04
2021-12-13,,Paris Gare de Lyon,0.04
2021-12-13,,Paris Gare de Lyon,0.04
2021-12-14,,Paris Gare de Lyon,0.04
2021-12-14,,Paris Gare de Lyon,0.04
2021-12-14,,Paris Gare de Lyon,0.04
2021-12-14,,Paris Gare de Lyon,0.04
2021-12-14,,Paris Gare de Lyon,0.04
2021-12-14,,Paris Gare de Lyon,0.04
2021-12-15,,Paris Gare de Lyon,0.04
2021-12-15,,Paris Gare de Lyon,0.04
2021-12-15,,Paris Gare de Lyon,0.04
2021-12-15,,Paris Gare de Lyon,0.04
2021-12-15,,Paris Gare de Lyon,0.04
2021-12-15,,Paris Gare de Lyon,0.04
2021-12-15,,Paris Gare de Lyon,0.04
2021-12-15,,Paris Gare de Lyon,0.04
2021-12-16,,Paris Gare de Lyon,0.04
2021-12-16,,Paris Gare de Lyon,0.04
2021-12-16,,Paris Gare de Lyon,0.04
2021-12-16,,Paris Gare de Lyon,0.04
2021-12-16,,Paris Gare de Lyon,0.04
2021-12-16,,Paris Gare de Lyon,0.04
2021-12-17,,Paris Gare de Lyon,0.04
2021-12-17,,Paris Gare de Lyon,0.04
2021-12-17,,Paris Gare de Lyon,0.04
2021-12-17,,Paris Gare de Lyon,0.04
2021-12-17,,Paris Gare de Lyon,0.04
2021-12-17,,Paris Gare de Lyon,0.04
2021-12-17,,Paris Gare de Lyon,0.04
2021-12-17,,Paris Gare de Lyon,0.04
2021-12-18,,Paris Gare de Lyon,0.04
2021-12-18,,Paris Gare de Lyon,0.04
2021-12-18,,Paris Gare de Lyon,0.04
2021-12-18,,Paris Gare de Lyon,0.04
2021-12-18,,Paris Gare de Lyon,0.04
2021-12-18,,Paris Gare de Lyon,0.04
2021-12-18,,Paris Gare de Lyon,0.04
2021-12-18,,Paris Gare de Lyon,0.04
2021-12-19,,Paris Gare de Lyon,0.04
2021-12-19,,Paris Gare de Lyon,0.04
2021-12-19,,Paris Gare de Lyon,0.04
2021-12-19,,Paris Gare de Lyon,0.04
2021-12-19,,Paris Gare de Lyon,0.04
2021-12-20,,Paris Gare de Lyon,0.04
2021-12-20,,Paris Gare de Lyon,0.04
2021-12-20,,Paris Gare de Lyon,0.04
2021-12-20,,Paris Gare de Lyon,0.04
2021-12-20,,Paris Gare de Lyon,0.04
2021-12-20,,Paris Gare de Lyon,0.04
2021-12-20,,Paris Gare de Lyon,0.04
2021-12-21,,Paris Gare de Lyon,0.04
2021-12-21,,Paris Gare de Lyon,0.04
2021-12-21,,Paris Gare de Lyon,0.04
2021-12-21,,Paris Gare de Lyon,0.04
2021-12-21,,Paris Gare de Lyon,0.04
2021-12-21,,Paris Gare de Lyon,0.04
2021-12-21,,Paris Gare de Lyon,0.04
2021-12-21,,Paris Gare de Lyon,0.04
2021-12-22,,Paris Gare de Lyon,0.04
2021-12-22,,Paris Gare de Lyon,0.04
2021-12-22,,Paris Gare de Lyon,0.04
2021-12-22,,Paris Gare de Lyon,0.04
2021-12-23,,Paris Gare de Lyon,0.04
2021-12-23,,Paris Gare de Lyon,0.04
2021-12-23,,Paris Gare de Lyon,0.04
2021-12-23,,Paris Gare de Lyon,0.04
2021-12-23,,Paris Gare de Lyon,0.04
2021-12-24,,Paris Gare de Lyon,0.04
2021-12-24,,Paris Gare de Lyon,0.04
2021-12-25,,Paris Gare de Lyon,0.04
2021-12-25,,Paris Gare de Lyon,0.04
2021-12-25,,Paris Gare de Lyon,0.04
2021-12-25,,Paris Gare de Lyon,0.04
2021-12-26,,Paris Gare de Lyon,0.04
2021-12-26,,Paris Gare de Lyon,0.04
2021-12-26,,Paris Gare de Lyon,0.04
2021-12-26,,Paris Gare de Lyon,0.04
2021-12-27,,Paris Gare de Lyon,0.04
2021-12-27,,Paris Gare de Lyon,0.04
2021-12-27,,Paris Gare de Lyon,0.04
2021-12-27,,Paris Gare de Lyon,0.04
2021-12-27,,Paris Gare de Lyon,0.04
2021-12-27,,Paris Gare de Lyon,0.04
2021-12-27,,Paris Gare de Lyon,0.04
2021-12-27,,Paris Gare de Lyon,0.04
2021-12-27,,Paris Gare de Lyon,0.04
2021-12-28,,Paris Gare de Lyon,0.04
2021-12-28,,Paris Gare de Lyon,0.04
2021-12-28,,Paris Gare de Lyon,0.04
2021-12-28,,Paris Gare de Lyon,0.04
2021-12-28,,Paris Gare de Lyon,0.04
2021-12-29,,Paris Gare de Lyon,0.04
2021-12-29,,Paris Gare de Lyon,0.04
2021-12-29,,Paris Gare de Lyon,0.04
2021-12-29,,Paris Gare de Lyon,0.04
2021-12-29,,Paris Gare de Lyon,0.04
2021-12-29,,Paris Gare de Lyon,0.04
2021-12-29,,Paris Gare de Lyon,0.04
2021-12-29,,Paris Gare de Lyon,0.04
2021-12-30,,Paris Gare de Lyon,0.04
2021-12-30,,Paris Gare de Lyon,0.04
2021-12-30,,Paris Gare de Lyon,0.04
2021-12-30,,Paris Gare de Lyon,0.04
2021-12-30,,Paris Gare de Lyon,0.04
2021-12-31,,Paris Gare de Lyon,0.04
2021-12-31,,Paris Gare de Lyon,0.04
2021-12-31,,Paris Gare de Lyon,0.04
2021-12-31,,Paris Gare de Lyon,0.04
2021-12-31,,Paris Gare de Lyon,0.04
2021-12-31,,Paris Gare de Lyon,0.04
2021-12-31,,Paris Gare de Lyon,0.04
2021-12-31,,Paris Gare de Lyon,0.04
